tool_id,old_mcp_name,new_mcp_name,category,provider,action
weather.get_current,weather.conditions.current,weather.weather.get_current,weather,weather,get_current
weather.get_forecast,weather.conditions.forecast,weather.weather.get_forecast,weather,weather,get_forecast
weather.get_alerts,weather.alerts.get,weather.weather.get_alerts,weather,weather,get_alerts
weather.get_history,weather.conditions.history,weather.weather.get_history,weather,weather,get_history
weather.air_quality,weather.air.quality,weather.weather.air_quality,weather,weather,air_quality
weather.geocode,weather.location.geocode,weather.weather.geocode,weather,weather,geocode
weather.compare,weather.conditions.compare,weather.weather.compare,weather,weather,compare
crypto.get_price,crypto.price.current,crypto.crypto.get_price,crypto,crypto,get_price
coingecko.get_market,crypto.market.overview,crypto.coingecko.get_market,crypto,coingecko,get_market
crypto.coin_detail,crypto.coin.detail,crypto.crypto.coin_detail,crypto,crypto,coin_detail
crypto.price_history,crypto.price.history,crypto.crypto.price_history,crypto,crypto,price_history
crypto.trending,crypto.trending.get,crypto.crypto.trending,crypto,crypto,trending
crypto.global,crypto.global.stats,crypto.crypto.global,crypto,crypto,global
crypto.dex_pools,crypto.dex.pools,crypto.crypto.dex_pools,crypto,crypto,dex_pools
crypto.token_by_address,crypto.token.lookup,crypto.crypto.token_by_address,crypto,crypto,token_by_address
crypto.search,crypto.coin.search,crypto.crypto.search,crypto,crypto,search
polymarket.search,polymarket.market.search,crypto.polymarket.search,crypto,polymarket,search
polymarket.market_detail,polymarket.market.detail,crypto.polymarket.market_detail,crypto,polymarket,market_detail
polymarket.prices,polymarket.market.prices,crypto.polymarket.prices,crypto,polymarket,prices
polymarket.price_history,polymarket.market.history,crypto.polymarket.price_history,crypto,polymarket,price_history
polymarket.get_orderbook,polymarket.market.orderbook,crypto.polymarket.get_orderbook,crypto,polymarket,get_orderbook
polymarket.trending,polymarket.market.trending,crypto.polymarket.trending,crypto,polymarket,trending
polymarket.place_order,polymarket.trading.place_order,crypto.polymarket.place_order,crypto,polymarket,place_order
polymarket.cancel_order,polymarket.trading.cancel_order,crypto.polymarket.cancel_order,crypto,polymarket,cancel_order
polymarket.open_orders,polymarket.trading.open_orders,crypto.polymarket.open_orders,crypto,polymarket,open_orders
polymarket.trade_history,polymarket.trading.history,crypto.polymarket.trade_history,crypto,polymarket,trade_history
polymarket.balance,polymarket.account.balance,crypto.polymarket.balance,crypto,polymarket,balance
sabre.search_flights,sabre.flights.search,travel.sabre.search_flights,travel,sabre,search_flights
sabre.destination_finder,sabre.flights.destinations,travel.sabre.destination_finder,travel,sabre,destination_finder
sabre.airline_lookup,sabre.reference.airline,travel.sabre.airline_lookup,travel,sabre,airline_lookup
sabre.travel_themes,sabre.reference.themes,travel.sabre.travel_themes,travel,sabre,travel_themes
amadeus.flight_search,amadeus.flights.search,travel.amadeus.flight_search,travel,amadeus,flight_search
amadeus.flight_price,amadeus.flights.price,travel.amadeus.flight_price,travel,amadeus,flight_price
amadeus.flight_status,amadeus.flights.status,travel.amadeus.flight_status,travel,amadeus,flight_status
amadeus.airport_search,amadeus.airports.search,travel.amadeus.airport_search,travel,amadeus,airport_search
amadeus.airport_nearest,amadeus.airports.nearest,travel.amadeus.airport_nearest,travel,amadeus,airport_nearest
amadeus.airport_routes,amadeus.airports.routes,travel.amadeus.airport_routes,travel,amadeus,airport_routes
amadeus.airline_lookup,amadeus.reference.airline,travel.amadeus.airline_lookup,travel,amadeus,airline_lookup
aviasales.search_flights,aviasales.flights.search,travel.aviasales.search_flights,travel,aviasales,search_flights
aviasales.price_calendar,aviasales.flights.calendar,travel.aviasales.price_calendar,travel,aviasales,price_calendar
aviasales.cheap_flights,aviasales.flights.cheap,travel.aviasales.cheap_flights,travel,aviasales,cheap_flights
aviasales.popular_routes,aviasales.flights.popular,travel.aviasales.popular_routes,travel,aviasales,popular_routes
aviasales.nearby_destinations,aviasales.flights.nearby,travel.aviasales.nearby_destinations,travel,aviasales,nearby_destinations
aviasales.airport_lookup,aviasales.reference.airport,travel.aviasales.airport_lookup,travel,aviasales,airport_lookup
hyperliquid.market_data,hyperliquid.markets.data,crypto.hyperliquid.market_data,crypto,hyperliquid,market_data
hyperliquid.order_book,hyperliquid.markets.orderbook,crypto.hyperliquid.order_book,crypto,hyperliquid,order_book
hyperliquid.klines,hyperliquid.markets.klines,crypto.hyperliquid.klines,crypto,hyperliquid,klines
hyperliquid.positions,hyperliquid.account.positions,crypto.hyperliquid.positions,crypto,hyperliquid,positions
hyperliquid.account,hyperliquid.account.summary,crypto.hyperliquid.account,crypto,hyperliquid,account
hyperliquid.vault,hyperliquid.vaults.details,crypto.hyperliquid.vault,crypto,hyperliquid,vault
foursquare.place_search,foursquare.places.search,location.foursquare.place_search,location,foursquare,place_search
foursquare.place_details,foursquare.places.details,location.foursquare.place_details,location,foursquare,place_details
foursquare.place_tips,foursquare.places.tips,location.foursquare.place_tips,location,foursquare,place_tips
foursquare.place_photos,foursquare.places.photos,location.foursquare.place_photos,location,foursquare,place_photos
foursquare.autocomplete,foursquare.places.autocomplete,location.foursquare.autocomplete,location,foursquare,autocomplete
ticketmaster.events_search,ticketmaster.events.search,entertainment.ticketmaster.events_search,entertainment,ticketmaster,events_search
ticketmaster.event_details,ticketmaster.events.details,entertainment.ticketmaster.event_details,entertainment,ticketmaster,event_details
ticketmaster.events_nearby,ticketmaster.events.nearby,entertainment.ticketmaster.events_nearby,entertainment,ticketmaster,events_nearby
ticketmaster.artist_events,ticketmaster.events.by_artist,entertainment.ticketmaster.artist_events,entertainment,ticketmaster,artist_events
ticketmaster.venue_events,ticketmaster.events.by_venue,entertainment.ticketmaster.venue_events,entertainment,ticketmaster,venue_events
ticketmaster.events_trending,ticketmaster.events.trending,entertainment.ticketmaster.events_trending,entertainment,ticketmaster,events_trending
ticketmaster.events_categories,ticketmaster.events.categories,entertainment.ticketmaster.events_categories,entertainment,ticketmaster,events_categories
tmdb.movie_search,tmdb.movies.search,entertainment.tmdb.movie_search,entertainment,tmdb,movie_search
tmdb.movie_details,tmdb.movies.details,entertainment.tmdb.movie_details,entertainment,tmdb,movie_details
tmdb.movie_discover,tmdb.movies.discover,entertainment.tmdb.movie_discover,entertainment,tmdb,movie_discover
tmdb.movie_trending,tmdb.movies.trending,entertainment.tmdb.movie_trending,entertainment,tmdb,movie_trending
tmdb.movie_similar,tmdb.movies.similar,entertainment.tmdb.movie_similar,entertainment,tmdb,movie_similar
tmdb.movie_person,tmdb.movies.person,entertainment.tmdb.movie_person,entertainment,tmdb,movie_person
tmdb.movie_where_to_watch,tmdb.movies.where_to_watch,entertainment.tmdb.movie_where_to_watch,entertainment,tmdb,movie_where_to_watch
health.food_search,health.nutrition.food_search,health.health.food_search,health,health,food_search
health.food_details,health.nutrition.food_details,health.health.food_details,health,health,food_details
health.drug_events,health.safety.drug_events,health.health.drug_events,health,health,drug_events
health.food_recalls,health.safety.food_recalls,health.health.food_recalls,health,health,food_recalls
health.drug_labels,health.safety.drug_labels,health.health.drug_labels,health,health,drug_labels
health.supplement_search,health.supplements.search,health.health.supplement_search,health,health,supplement_search
health.supplement_details,health.supplements.details,health.health.supplement_details,health,health,supplement_details
finance.exchange_rates,finance.currency.rates,finance.finance.exchange_rates,finance,finance,exchange_rates
finance.ecb_rates,finance.currency.ecb,finance.finance.ecb_rates,finance,finance,ecb_rates
finance.economic_indicator,finance.macro.indicator,finance.finance.economic_indicator,finance,finance,economic_indicator
finance.country_data,finance.macro.country,finance.finance.country_data,finance,finance,country_data
finance.treasury_data,finance.treasury.data,finance.finance.treasury_data,finance,finance,treasury_data
finance.validate_iban,finance.banking.iban,finance.finance.validate_iban,finance,finance,validate_iban
music.artist_search,music.artists.search,entertainment.music.artist_search,entertainment,music,artist_search
music.artist_details,music.artists.details,entertainment.music.artist_details,entertainment,music,artist_details
music.release_search,music.releases.search,entertainment.music.release_search,entertainment,music,release_search
music.release_details,music.releases.details,entertainment.music.release_details,entertainment,music,release_details
music.recording_search,music.recordings.search,entertainment.music.recording_search,entertainment,music,recording_search
music.fresh_releases,music.discover.fresh,entertainment.music.fresh_releases,entertainment,music,fresh_releases
music.radio_search,music.radio.search,entertainment.music.radio_search,entertainment,music,radio_search
aster.exchange_info,aster.exchange.info,crypto.aster.exchange_info,crypto,aster,exchange_info
aster.market_data,aster.markets.ticker,crypto.aster.market_data,crypto,aster,market_data
aster.order_book,aster.markets.orderbook,crypto.aster.order_book,crypto,aster,order_book
aster.klines,aster.markets.klines,crypto.aster.klines,crypto,aster,klines
jobs.salary_data,jobs.salary.data,jobs.jobs.salary_data,jobs,jobs,salary_data
jobs.occupation_search,jobs.occupations.search,jobs.jobs.occupation_search,jobs,jobs,occupation_search
jobs.occupation_details,jobs.occupations.details,jobs.jobs.occupation_details,jobs,jobs,occupation_details
jobs.esco_search,jobs.skills.search,jobs.jobs.esco_search,jobs,jobs,esco_search
jobs.esco_details,jobs.skills.details,jobs.jobs.esco_details,jobs,jobs,esco_details
jobs.job_search,jobs.listings.search,jobs.jobs.job_search,jobs,jobs,job_search
education.paper_search,education.papers.search,education.education.paper_search,education,education,paper_search
education.paper_details,education.papers.details,education.education.paper_details,education,education,paper_details
education.college_search,education.colleges.search,education.education.college_search,education,education,college_search
education.college_details,education.colleges.details,education.education.college_details,education,education,college_details
education.pubmed_search,education.pubmed.search,education.education.pubmed_search,education,education,pubmed_search
education.arxiv_search,education.arxiv.search,education.education.arxiv_search,education,education,arxiv_search
education.doi_lookup,education.crossref.doi,education.education.doi_lookup,education,education,doi_lookup
geo.geocode,geo.address.geocode,location.geo.geocode,location,geo,geocode
geo.reverse_geocode,geo.address.reverse,location.geo.reverse_geocode,location,geo,reverse_geocode
geo.place_search,geo.places.search,location.geo.place_search,location,geo,place_search
geo.autocomplete,geo.address.autocomplete,location.geo.autocomplete,location,geo,autocomplete
geo.routing,geo.navigation.route,location.geo.routing,location,geo,routing
geo.isochrone,geo.navigation.isochrone,location.geo.isochrone,location,geo,isochrone
geo.ip_geolocation,geo.ip.geolocation,location.geo.ip_geolocation,location,geo,ip_geolocation
aipush.setup_website,aipush.website.setup,marketing.aipush.setup_website,marketing,aipush,setup_website
aipush.website_status,aipush.website.status,marketing.aipush.website_status,marketing,aipush,website_status
aipush.generate_page,aipush.pages.generate,marketing.aipush.generate_page,marketing,aipush,generate_page
aipush.list_pages,aipush.pages.list,marketing.aipush.list_pages,marketing,aipush,list_pages
aipush.page_content,aipush.pages.content,marketing.aipush.page_content,marketing,aipush,page_content
aipush.website_profile,aipush.analysis.profile,marketing.aipush.website_profile,marketing,aipush,website_profile
aipush.check_visibility,aipush.analysis.visibility,marketing.aipush.check_visibility,marketing,aipush,check_visibility
aipush.market_report,aipush.market.report,marketing.aipush.market_report,marketing,aipush,market_report
aipush.market_report_status,aipush.market.report_status,marketing.aipush.market_report_status,marketing,aipush,market_report_status
diffbot.product_extract,diffbot.products.extract,marketing.diffbot.product_extract,marketing,diffbot,product_extract
diffbot.page_analyze,diffbot.pages.analyze,marketing.diffbot.page_analyze,marketing,diffbot,page_analyze
diffbot.article_extract,diffbot.articles.extract,marketing.diffbot.article_extract,marketing,diffbot,article_extract
diffbot.search,diffbot.knowledge.search,marketing.diffbot.search,marketing,diffbot,search
whois.lookup,whois.domain.lookup,developer.whois.lookup,developer,whois,lookup
whois.dns_lookup,whois.dns.lookup,developer.whois.dns_lookup,developer,whois,dns_lookup
whois.availability,whois.domain.availability,developer.whois.availability,developer,whois,availability
whois.reverse,whois.domain.reverse,developer.whois.reverse,developer,whois,reverse
spoonacular.recipe_search,spoonacular.recipes.search,health.spoonacular.recipe_search,health,spoonacular,recipe_search
spoonacular.recipe_details,spoonacular.recipes.details,health.spoonacular.recipe_details,health,spoonacular,recipe_details
spoonacular.by_ingredients,spoonacular.recipes.by_ingredients,health.spoonacular.by_ingredients,health,spoonacular,by_ingredients
spoonacular.ingredient_search,spoonacular.ingredients.search,health.spoonacular.ingredient_search,health,spoonacular,ingredient_search
spoonacular.analyze_recipe,spoonacular.recipes.analyze,health.spoonacular.analyze_recipe,health,spoonacular,analyze_recipe
nasa.apod,nasa.astronomy.apod,space.nasa.apod,space,nasa,apod
nasa.neo_feed,nasa.asteroids.feed,space.nasa.neo_feed,space,nasa,neo_feed
nasa.donki_flr,nasa.space_weather.flares,space.nasa.donki_flr,space,nasa,donki_flr
nasa.epic,nasa.earth.epic,space.nasa.epic,space,nasa,epic
nasa.image_search,nasa.media.search,space.nasa.image_search,space,nasa,image_search
jpl.close_approaches,jpl.asteroids.approaches,space.jpl.close_approaches,space,jpl,close_approaches
jpl.fireballs,jpl.events.fireballs,space.jpl.fireballs,space,jpl,fireballs
jpl.small_body,jpl.bodies.lookup,space.jpl.small_body,space,jpl,small_body
jpl.impact_risk,jpl.asteroids.sentry,space.jpl.impact_risk,space,jpl,impact_risk
rawg.game_search,rawg.games.search,entertainment.rawg.game_search,entertainment,rawg,game_search
rawg.game_details,rawg.games.details,entertainment.rawg.game_details,entertainment,rawg,game_details
rawg.screenshots,rawg.games.screenshots,entertainment.rawg.screenshots,entertainment,rawg,screenshots
rawg.store_links,rawg.games.stores,entertainment.rawg.store_links,entertainment,rawg,store_links
rawg.game_series,rawg.games.series,entertainment.rawg.game_series,entertainment,rawg,game_series
igdb.game_search,igdb.games.search,entertainment.igdb.game_search,entertainment,igdb,game_search
igdb.game_details,igdb.games.details,entertainment.igdb.game_details,entertainment,igdb,game_details
igdb.company_info,igdb.companies.info,entertainment.igdb.company_info,entertainment,igdb,company_info
igdb.platform_info,igdb.platforms.info,entertainment.igdb.platform_info,entertainment,igdb,platform_info
igdb.game_media,igdb.games.media,entertainment.igdb.game_media,entertainment,igdb,game_media
qrserver.generate,qrserver.qr.generate,developer.qrserver.generate,developer,qrserver,generate
qrserver.read,qrserver.qr.read,developer.qrserver.read,developer,qrserver,read
upc.lookup,upc.products.lookup,developer.upc.lookup,developer,upc,lookup
upc.search,upc.products.search,developer.upc.search,developer,upc,search
ip.lookup,ip.intelligence.lookup,developer.ip.lookup,developer,ip,lookup
ip.bulk_lookup,ip.intelligence.bulk,developer.ip.bulk_lookup,developer,ip,bulk_lookup
earthquake.search,earthquake.events.search,world.earthquake.search,world,earthquake,search
earthquake.feed,earthquake.events.feed,world.earthquake.feed,world,earthquake,feed
earthquake.count,earthquake.events.count,world.earthquake.count,world,earthquake,count
anime.search,anime.titles.search,entertainment.anime.search,entertainment,anime,search
anime.details,anime.titles.details,entertainment.anime.details,entertainment,anime,details
manga.details,anime.manga.details,entertainment.manga.details,entertainment,manga,details
anime.characters,anime.titles.characters,entertainment.anime.characters,entertainment,anime,characters
anime.top,anime.titles.top,entertainment.anime.top,entertainment,anime,top
books.isbn_lookup,books.editions.isbn,education.books.isbn_lookup,education,books,isbn_lookup
books.search,books.catalog.search,education.books.search,education,books,search
books.work_details,books.works.details,education.books.work_details,education,books,work_details
books.author,books.authors.details,education.books.author,education,books,author
email.validate,email.validation.check,messaging.email.validate,messaging,email,validate
shorturl.create,web.url.shorten,developer.shorturl.create,developer,shorturl,create
shorturl.stats,web.url.stats,developer.shorturl.stats,developer,shorturl,stats
exchangerate.latest,currency.exchange.latest,finance.exchangerate.latest,finance,exchangerate,latest
exchangerate.convert,currency.exchange.convert,finance.exchangerate.convert,finance,exchangerate,convert
calendarific.holidays,calendar.holidays.premium,world.calendarific.holidays,world,calendarific,holidays
weather_alerts.active,weather.alerts.active,weather.weather_alerts.active,weather,weather_alerts,active
weather_alerts.by_area,weather.alerts.by_state,weather.weather_alerts.by_area,weather,weather_alerts,by_area
holidays.by_country,calendar.holidays.by_country,world.holidays.by_country,world,holidays,by_country
holidays.next,calendar.holidays.next,world.holidays.next,world,holidays,next
vin.decode,vehicle.vin.decode,developer.vin.decode,developer,vin,decode
vin.models,vehicle.vin.models,developer.vin.models,developer,vin,models
country.search,world.country.search,world.country.search,world,country,search
country.by_code,world.country.code,world.country.by_code,world,country,by_code
food.barcode,food.product.barcode,world.food.barcode,world,food,barcode
food.search,food.product.search,world.food.search,world,food,search
openbeautyfacts.barcode,openbeautyfacts.product.barcode,health.openbeautyfacts.barcode,health,openbeautyfacts,barcode
openbeautyfacts.search,openbeautyfacts.product.search,health.openbeautyfacts.search,health,openbeautyfacts,search
random.user,test.random.user,world.random.user,world,random,user
ssl.check,web.ssl.check,developer.ssl.check,developer,ssl,check
gdelt.search,events.global.search,news.gdelt.search,news,gdelt,search
gdelt.timeline,events.global.timeline,news.gdelt.timeline,news,gdelt,timeline
firms.fires,earth.fires.detect,space.firms.fires,space,firms,fires
worldclock.current,time.worldclock.current,developer.worldclock.current,developer,worldclock,current
worldclock.convert,time.worldclock.convert,developer.worldclock.convert,developer,worldclock,convert
worldclock.zones,time.worldclock.zones,developer.worldclock.zones,developer,worldclock,zones
screenshot.capture,web.screenshot.capture,media.screenshot.capture,media,screenshot,capture
sports.football_fixtures,sports.football.fixtures,entertainment.sports.football_fixtures,entertainment,sports,football_fixtures
sports.football_standings,sports.football.standings,entertainment.sports.football_standings,entertainment,sports,football_standings
sports.football_leagues,sports.football.leagues,entertainment.sports.football_leagues,entertainment,sports,football_leagues
sports.basketball_games,sports.basketball.games,entertainment.sports.basketball_games,entertainment,sports,basketball_games
langbly.translate,translate.text.translate,developer.langbly.translate,developer,langbly,translate
langbly.detect,translate.text.detect,developer.langbly.detect,developer,langbly,detect
langbly.languages,translate.text.languages,developer.langbly.languages,developer,langbly,languages
twilio.lookup,phone.twilio.lookup,messaging.twilio.lookup,messaging,twilio,lookup
twilio.send_sms,phone.twilio.sms,messaging.twilio.send_sms,messaging,twilio,send_sms
telnyx.send_sms_na,phone.telnyx.sms_na,messaging.telnyx.send_sms_na,messaging,telnyx,send_sms_na
telnyx.send_sms_world,phone.telnyx.sms_world,messaging.telnyx.send_sms_world,messaging,telnyx,send_sms_world
telnyx.send_sms_premium,phone.telnyx.sms_premium,messaging.telnyx.send_sms_premium,messaging,telnyx,send_sms_premium
telnyx.estimate_price,phone.telnyx.estimate,messaging.telnyx.estimate_price,messaging,telnyx,estimate_price
telnyx.message_status,phone.telnyx.status,messaging.telnyx.message_status,messaging,telnyx,message_status
telnyx.list_messages,phone.telnyx.list,messaging.telnyx.list_messages,messaging,telnyx,list_messages
telnyx.balance,phone.telnyx.balance,messaging.telnyx.balance,messaging,telnyx,balance
swpc.k_index,space.swpc.k_index,space.swpc.k_index,space,swpc,k_index
swpc.aurora,space.swpc.aurora,space.swpc.aurora,space,swpc,aurora
swpc.solar_wind,space.swpc.solar_wind,space.swpc.solar_wind,space,swpc,solar_wind
swpc.solar_regions,space.swpc.solar_regions,space.swpc.solar_regions,space,swpc,solar_regions
bible.translations,bible.catalog.translations,education.bible.translations,education,bible,translations
bible.books,bible.catalog.books,education.bible.books,education,bible,books
bible.passage,bible.text.passage,education.bible.passage,education,bible,passage
bible.commentaries,bible.catalog.commentaries,education.bible.commentaries,education,bible,commentaries
gutendex.search,books.gutendex.search,education.gutendex.search,education,gutendex,search
gutendex.book,books.gutendex.book,education.gutendex.book,education,gutendex,book
gutendex.by_author,books.gutendex.by_author,education.gutendex.by_author,education,gutendex,by_author
gutendex.popular,books.gutendex.popular,education.gutendex.popular,education,gutendex,popular
librivox.search,books.librivox.search,education.librivox.search,education,librivox,search
librivox.book,books.librivox.book,education.librivox.book,education,librivox,book
tatoeba.search,language.tatoeba.search,education.tatoeba.search,education,tatoeba,search
tatoeba.sentence,language.tatoeba.sentence,education.tatoeba.sentence,education,tatoeba,sentence
tatoeba.languages,language.tatoeba.languages,education.tatoeba.languages,education,tatoeba,languages
loc.search,media.loc.search,media.loc.search,media,loc,search
loc.item,media.loc.item,media.loc.item,media,loc,item
loc.collections,media.loc.collections,media.loc.collections,media,loc,collections
ukpolice.crimes_near,gov.ukpolice.crimes_near,legal.ukpolice.crimes_near,legal,ukpolice,crimes_near
ukpolice.forces,gov.ukpolice.forces,legal.ukpolice.forces,legal,ukpolice,forces
ukpolice.outcomes_at_location,gov.ukpolice.outcomes,legal.ukpolice.outcomes_at_location,legal,ukpolice,outcomes_at_location
brasilapi.cnpj,gov.brasilapi.cnpj,finance.brasilapi.cnpj,finance,brasilapi,cnpj
brasilapi.cep,gov.brasilapi.cep,finance.brasilapi.cep,finance,brasilapi,cep
brasilapi.banks,gov.brasilapi.banks,finance.brasilapi.banks,finance,brasilapi,banks
brasilapi.rates,gov.brasilapi.rates,finance.brasilapi.rates,finance,brasilapi,rates
brasilapi.holidays,gov.brasilapi.holidays,finance.brasilapi.holidays,finance,brasilapi,holidays
brasilapi.ddd,gov.brasilapi.ddd,finance.brasilapi.ddd,finance,brasilapi,ddd
ibge.states,gov.ibge.states,world.ibge.states,world,ibge,states
ibge.municipalities,gov.ibge.municipalities,world.ibge.municipalities,world,ibge,municipalities
ibge.name_frequency,gov.ibge.name_frequency,world.ibge.name_frequency,world,ibge,name_frequency
ibge.cnae,gov.ibge.cnae,world.ibge.cnae,world,ibge,cnae
ibge.regions,gov.ibge.regions,world.ibge.regions,world,ibge,regions
bcb.selic,finance.bcb.selic,finance.bcb.selic,finance,bcb,selic
bcb.cdi,finance.bcb.cdi,finance.bcb.cdi,finance,bcb,cdi
bcb.ipca,finance.bcb.ipca,finance.bcb.ipca,finance,bcb,ipca
bcb.usd_brl,finance.bcb.usd_brl,finance.bcb.usd_brl,finance,bcb,usd_brl
bcb.eur_brl,finance.bcb.eur_brl,finance.bcb.eur_brl,finance,bcb,eur_brl
bcb.selic_target,finance.bcb.selic_target,finance.bcb.selic_target,finance,bcb,selic_target
eurostat.unemployment,finance.eurostat.unemployment,finance.eurostat.unemployment,finance,eurostat,unemployment
eurostat.inflation,finance.eurostat.inflation,finance.eurostat.inflation,finance,eurostat,inflation
eurostat.gdp_growth,finance.eurostat.gdp_growth,finance.eurostat.gdp_growth,finance,eurostat,gdp_growth
eurostat.population,finance.eurostat.population,finance.eurostat.population,finance,eurostat,population
sg.weather_forecast,gov.sg.weather_forecast,weather.sg.weather_forecast,weather,sg,weather_forecast
sg.air_quality,gov.sg.air_quality,weather.sg.air_quality,weather,sg,air_quality
sg.rainfall,gov.sg.rainfall,weather.sg.rainfall,weather,sg,rainfall
sg.taxi_availability,gov.sg.taxi_availability,weather.sg.taxi_availability,weather,sg,taxi_availability
airnow.current_zip,weather.airnow.current_zip,weather.airnow.current_zip,weather,airnow,current_zip
airnow.current_latlng,weather.airnow.current_latlng,weather.airnow.current_latlng,weather,airnow,current_latlng
airnow.forecast_zip,weather.airnow.forecast_zip,weather.airnow.forecast_zip,weather,airnow,forecast_zip
airnow.forecast_latlng,weather.airnow.forecast_latlng,weather.airnow.forecast_latlng,weather,airnow,forecast_latlng
nps.parks,travel.nps.parks,travel.nps.parks,travel,nps,parks
nps.alerts,travel.nps.alerts,travel.nps.alerts,travel,nps,alerts
nps.campgrounds,travel.nps.campgrounds,travel.nps.campgrounds,travel,nps,campgrounds
nps.things_to_do,travel.nps.things_to_do,travel.nps.things_to_do,travel,nps,things_to_do
eia.electricity_retail,finance.eia.electricity,finance.eia.electricity_retail,finance,eia,electricity_retail
eia.petroleum_spot,finance.eia.petroleum,finance.eia.petroleum_spot,finance,eia,petroleum_spot
eia.natural_gas,finance.eia.natural_gas,finance.eia.natural_gas,finance,eia,natural_gas
eia.series,finance.eia.series,finance.eia.series,finance,eia,series
fec.candidates,gov.fec.candidates,legal.fec.candidates,legal,fec,candidates
fec.committee_totals,gov.fec.committee_totals,legal.fec.committee_totals,legal,fec,committee_totals
fec.super_pac_spending,gov.fec.super_pac_spending,legal.fec.super_pac_spending,legal,fec,super_pac_spending
fec.elections,gov.fec.elections,legal.fec.elections,legal,fec,elections
stability.generate,ai.image.generate,media.stability.generate,media,stability,generate
resend.send_email,email.transactional.send,messaging.resend.send_email,messaging,resend,send_email
resend.email_status,email.transactional.status,messaging.resend.email_status,messaging,resend,email_status
mastodon.trending,social.mastodon.trending,social.mastodon.trending,social,mastodon,trending
mastodon.trending_tags,social.mastodon.tags,social.mastodon.trending_tags,social,mastodon,trending_tags
regulations.search,legal.regulations.search,legal.regulations.search,legal,regulations,search
regulations.document,legal.regulations.document,legal.regulations.document,legal,regulations,document
fedregister.search,legal.fedregister.search,legal.fedregister.search,legal,fedregister,search
fedregister.document,legal.fedregister.document,legal.fedregister.document,legal,fedregister,document
fedregister.recent,legal.fedregister.recent,legal.fedregister.recent,legal,fedregister,recent
courtlistener.search,legal.caselaw.search,legal.courtlistener.search,legal,courtlistener,search
courtlistener.opinion,legal.caselaw.opinion,legal.courtlistener.opinion,legal,courtlistener,opinion
courtlistener.dockets,legal.caselaw.dockets,legal.courtlistener.dockets,legal,courtlistener,dockets
ocr.extract_text,ai.ocr.extract,media.ocr.extract_text,media,ocr,extract_text
finnhub.quote,stocks.market.quote,finance.finnhub.quote,finance,finnhub,quote
finnhub.company_profile,stocks.company.profile,finance.finnhub.company_profile,finance,finnhub,company_profile
finnhub.company_news,stocks.company.news,finance.finnhub.company_news,finance,finnhub,company_news
finnhub.candles,stocks.market.candles,finance.finnhub.candles,finance,finnhub,candles
finnhub.market_news,stocks.market.news,finance.finnhub.market_news,finance,finnhub,market_news
news.latest,news.global.latest,news.news.latest,news,news,latest
news.crypto,news.crypto.latest,news.news.crypto,news,news,crypto
news.sources,news.global.sources,news.news.sources,news,news,sources
exa.search,search.semantic.web,search.exa.search,search,exa,search
exa.contents,search.semantic.contents,search.exa.contents,search,exa,contents
exa.find_similar,search.semantic.similar,search.exa.find_similar,search,exa,find_similar
tavily.search,search.ai.web,search.tavily.search,search,tavily,search
tavily.extract,search.ai.extract,search.tavily.extract,search,tavily,extract
serper.web_search,search.google.web,search.serper.web_search,search,serper,web_search
serper.news_search,search.google.news,search.serper.news_search,search,serper,news_search
serper.image_search,search.google.images,search.serper.image_search,search,serper,image_search
serper.shopping_search,search.google.shopping,search.serper.shopping_search,search,serper,shopping_search
usrealestate.for_sale,realestate.listings.for_sale,location.usrealestate.for_sale,location,usrealestate,for_sale
usrealestate.property_detail,realestate.property.details,location.usrealestate.property_detail,location,usrealestate,property_detail
usrealestate.location_suggest,realestate.location.suggest,location.usrealestate.location_suggest,location,usrealestate,location_suggest
walkscore.score,realestate.walkscore.score,location.walkscore.score,location,walkscore,score
airquality.city,environment.airquality.city,weather.airquality.city,weather,airquality,city
airquality.nearest,environment.airquality.nearest,weather.airquality.nearest,weather,airquality,nearest
fatsecret.food_search,nutrition.fatsecret.search,health.fatsecret.food_search,health,fatsecret,food_search
fatsecret.food_details,nutrition.fatsecret.details,health.fatsecret.food_details,health,fatsecret,food_details
autodev.vin_decode,vehicle.autodev.vin_decode,developer.autodev.vin_decode,developer,autodev,vin_decode
pexels.search_photos,media.pexels.search_photos,media.pexels.search_photos,media,pexels,search_photos
pexels.search_videos,media.pexels.search_videos,media.pexels.search_videos,media,pexels,search_videos
pexels.curated,media.pexels.curated,media.pexels.curated,media,pexels,curated
browser.create_session,infra.browser.create_session,infrastructure.browser.create_session,infrastructure,browser,create_session
browser.session_status,infra.browser.session_status,infrastructure.browser.session_status,infrastructure,browser,session_status
browser.session_content,infra.browser.session_content,infrastructure.browser.session_content,infrastructure,browser,session_content
browser.list_sessions,infra.browser.list_sessions,infrastructure.browser.list_sessions,infrastructure,browser,list_sessions
telegram.send_message,messaging.telegram.send_message,messaging.telegram.send_message,messaging,telegram,send_message
telegram.send_photo,messaging.telegram.send_photo,messaging.telegram.send_photo,messaging,telegram,send_photo
telegram.send_document,messaging.telegram.send_document,messaging.telegram.send_document,messaging,telegram,send_document
telegram.get_updates,messaging.telegram.get_updates,messaging.telegram.get_updates,messaging,telegram,get_updates
telegram.get_chat,messaging.telegram.get_chat,messaging.telegram.get_chat,messaging,telegram,get_chat
clinical.search,health.clinical.search,health.clinical.search,health,clinical,search
clinical.study,health.clinical.study,health.clinical.study,health,clinical,study
clinical.stats,health.clinical.stats,health.clinical.stats,health,clinical,stats
namesilo.domain_check,domain.namesilo.check,infrastructure.namesilo.domain_check,infrastructure,namesilo,domain_check
namesilo.domain_register,domain.namesilo.register,infrastructure.namesilo.domain_register,infrastructure,namesilo,domain_register
namesilo.domain_list,domain.namesilo.list,infrastructure.namesilo.domain_list,infrastructure,namesilo,domain_list
namesilo.domain_info,domain.namesilo.info,infrastructure.namesilo.domain_info,infrastructure,namesilo,domain_info
namesilo.get_prices,domain.namesilo.prices,infrastructure.namesilo.get_prices,infrastructure,namesilo,get_prices
cloudflare.zones_list,infra.cloudflare.zones_list,infrastructure.cloudflare.zones_list,infrastructure,cloudflare,zones_list
cloudflare.dns_list,infra.cloudflare.dns_list,infrastructure.cloudflare.dns_list,infrastructure,cloudflare,dns_list
cloudflare.dns_create,infra.cloudflare.dns_create,infrastructure.cloudflare.dns_create,infrastructure,cloudflare,dns_create
cloudflare.dns_delete,infra.cloudflare.dns_delete,infrastructure.cloudflare.dns_delete,infrastructure,cloudflare,dns_delete
cloudflare.zone_analytics,infra.cloudflare.zone_analytics,infrastructure.cloudflare.zone_analytics,infrastructure,cloudflare,zone_analytics
cloudflare.purge_cache,infra.cloudflare.purge_cache,infrastructure.cloudflare.purge_cache,infrastructure,cloudflare,purge_cache
vatcomply.validate,tax.vatcomply.validate,world.vatcomply.validate,world,vatcomply,validate
vatcomply.rates,tax.vatcomply.rates,world.vatcomply.rates,world,vatcomply,rates
vatcomply.currencies,tax.vatcomply.currencies,world.vatcomply.currencies,world,vatcomply,currencies
transcribe.submit,audio.transcribe.submit,media.transcribe.submit,media,transcribe,submit
transcribe.status,audio.transcribe.status,media.transcribe.status,media,transcribe,status
transcribe.result,audio.transcribe.result,media.transcribe.result,media,transcribe,result
lei.search,business.lei.search,business.lei.search,business,lei,search
lei.lookup,business.lei.lookup,business.lei.lookup,business,lei,lookup
lei.relationships,business.lei.relationships,business.lei.relationships,business,lei,relationships
ukcompany.search,business.ukcompany.search,business.ukcompany.search,business,ukcompany,search
ukcompany.details,business.ukcompany.details,business.ukcompany.details,business,ukcompany,details
edgar.company_search,finance.edgar.company_search,finance.edgar.company_search,finance,edgar,company_search
edgar.filings,finance.edgar.filings,finance.edgar.filings,finance,edgar,filings
edgar.company_facts,finance.edgar.company_facts,finance.edgar.company_facts,finance,edgar,company_facts
edgar.xbrl_concept,finance.edgar.xbrl_concept,finance.edgar.xbrl_concept,finance,edgar,xbrl_concept
edgar.xbrl_frames,finance.edgar.xbrl_frames,finance.edgar.xbrl_frames,finance,edgar,xbrl_frames
bluesky.search_posts,social.bluesky.search,social.bluesky.search_posts,social,bluesky,search_posts
bluesky.profile,social.bluesky.profile,social.bluesky.profile,social,bluesky,profile
bluesky.feed,social.bluesky.feed,social.bluesky.feed,social,bluesky,feed
artic.search,culture.artic.search,media.artic.search,media,artic,search
artic.artwork,culture.artic.artwork,media.artic.artwork,media,artic,artwork
artic.artist,culture.artic.artist,media.artic.artist,media,artic,artist
europeana.search,culture.europeana.search,media.europeana.search,media,europeana,search
europeana.record,culture.europeana.record,media.europeana.record,media,europeana,record
convert.to_pdf,document.convert.to_pdf,developer.convert.to_pdf,developer,convert,to_pdf
convert.from_pdf,document.convert.from_pdf,developer.convert.from_pdf,developer,convert,from_pdf
convert.web_to_pdf,document.convert.web_to_pdf,developer.convert.web_to_pdf,developer,convert,web_to_pdf
pdf.from_html,document.pdf.from_html,developer.pdf.from_html,developer,pdf,from_html
pdf.from_url,document.pdf.from_url,developer.pdf.from_url,developer,pdf,from_url
pdf.merge,document.pdf.merge,developer.pdf.merge,developer,pdf,merge
podcast.search,media.podcast.search,entertainment.podcast.search,entertainment,podcast,search
podcast.trending,media.podcast.trending,entertainment.podcast.trending,entertainment,podcast,trending
podcast.episodes,media.podcast.episodes,entertainment.podcast.episodes,entertainment,podcast,episodes
podcast.by_feed,media.podcast.details,entertainment.podcast.by_feed,entertainment,podcast,by_feed
geocodio.geocode,address.geocodio.geocode,location.geocodio.geocode,location,geocodio,geocode
geocodio.reverse,address.geocodio.reverse,location.geocodio.reverse,location,geocodio,reverse
hunter.company,business.hunter.company,business.hunter.company,business,hunter,company
fdic.search,fdic.institutions.search,finance.fdic.search,finance,fdic,search
fdic.details,fdic.institutions.details,finance.fdic.details,finance,fdic,details
fdic.financials,fdic.institutions.financials,finance.fdic.financials,finance,fdic,financials
fdic.failures,fdic.institutions.failures,finance.fdic.failures,finance,fdic,failures
disease.covid_global,disease.covid.global,health.disease.covid_global,health,disease,covid_global
disease.covid_country,disease.covid.country,health.disease.covid_country,health,disease,covid_country
disease.covid_history,disease.covid.history,health.disease.covid_history,health,disease,covid_history
disease.influenza,disease.influenza.cdc,health.disease.influenza,health,disease,influenza
who.indicators,who.health.indicators,health.who.indicators,health,who,indicators
who.data,who.health.data,health.who.data,health,who,data
who.countries,who.health.countries,health.who.countries,health,who,countries
gdacs.alerts,gdacs.disasters.alerts,world.gdacs.alerts,world,gdacs,alerts
gdacs.events,gdacs.disasters.details,world.gdacs.events,world,gdacs,events
gdacs.history,gdacs.disasters.history,world.gdacs.history,world,gdacs,history
rateapi.mortgage,rateapi.lending.mortgage,finance.rateapi.mortgage,finance,rateapi,mortgage
rateapi.auto_loan,rateapi.lending.auto,finance.rateapi.auto_loan,finance,rateapi,auto_loan
rateapi.heloc,rateapi.lending.heloc,finance.rateapi.heloc,finance,rateapi,heloc
rateapi.personal_loan,rateapi.lending.personal,finance.rateapi.personal_loan,finance,rateapi,personal_loan
twitter.search,twitter.tweets.search,social.twitter.search,social,twitter,search
twitter.user,twitter.users.profile,social.twitter.user,social,twitter,user
twitter.followers,twitter.users.followers,social.twitter.followers,social,twitter,followers
twitter.trending,twitter.trends.worldwide,social.twitter.trending,social,twitter,trending
currents.latest,currents.news.latest,news.currents.latest,news,currents,latest
currents.search,currents.news.search,news.currents.search,news,currents,search
currents.categories,currents.news.categories,news.currents.categories,news,currents,categories
iban.validate,iban.banking.validate,finance.iban.validate,finance,iban,validate
iban.calculate,iban.banking.calculate,finance.iban.calculate,finance,iban,calculate
pubchem.compound_search,chemistry.pubchem.search,health.pubchem.compound_search,health,pubchem,compound_search
pubchem.compound_properties,chemistry.pubchem.properties,health.pubchem.compound_properties,health,pubchem,compound_properties
pubchem.compound_synonyms,chemistry.pubchem.synonyms,health.pubchem.compound_synonyms,health,pubchem,compound_synonyms
pubchem.hazard_data,chemistry.pubchem.hazards,health.pubchem.hazard_data,health,pubchem,hazard_data
pubchem.bioassay_summary,chemistry.pubchem.bioassays,health.pubchem.bioassay_summary,health,pubchem,bioassay_summary
pubchem.structure_lookup,chemistry.pubchem.structure,health.pubchem.structure_lookup,health,pubchem,structure_lookup
evcharge.search,ev.charging.search,location.evcharge.search,location,evcharge,search
evcharge.details,ev.charging.details,location.evcharge.details,location,evcharge,details
evcharge.nearby,ev.charging.nearby,location.evcharge.nearby,location,evcharge,nearby
ipqs.ip_check,security.ipqs.ip_check,developer.ipqs.ip_check,developer,ipqs,ip_check
ipqs.email_check,security.ipqs.email_check,developer.ipqs.email_check,developer,ipqs,email_check
ipqs.url_check,security.ipqs.url_check,developer.ipqs.url_check,developer,ipqs,url_check
ipqs.phone_check,security.ipqs.phone_check,developer.ipqs.phone_check,developer,ipqs,phone_check
chem.resolve,science.chem.resolve,health.chem.resolve,health,chem,resolve
chem.formula,science.chem.formula,health.chem.formula,health,chem,formula
chem.names,science.chem.names,health.chem.names,health,chem,names
safety.recalls,vehicle.safety.recalls,developer.safety.recalls,developer,safety,recalls
safety.complaints,vehicle.safety.complaints,developer.safety.complaints,developer,safety,complaints
safety.ratings,vehicle.safety.ratings,developer.safety.ratings,developer,safety,ratings
safety.investigations,vehicle.safety.investigations,developer.safety.investigations,developer,safety,investigations
pdb.search,science.pdb.search,health.pdb.search,health,pdb,search
pdb.structure,science.pdb.structure,health.pdb.structure,health,pdb,structure
pdb.ligand,science.pdb.ligand,health.pdb.ligand,health,pdb,ligand
pdb.sequence,science.pdb.sequence,health.pdb.sequence,health,pdb,sequence
adzuna.search,jobs.adzuna.search,jobs.adzuna.search,jobs,adzuna,search
adzuna.categories,jobs.adzuna.categories,jobs.adzuna.categories,jobs,adzuna,categories
adzuna.salary,jobs.adzuna.salary,jobs.adzuna.salary,jobs,adzuna,salary
bdl.games,sports.bdl.games,entertainment.bdl.games,entertainment,bdl,games
bdl.teams,sports.bdl.teams,entertainment.bdl.teams,entertainment,bdl,teams
bdl.players,sports.bdl.players,entertainment.bdl.players,entertainment,bdl,players
postal.lookup,address.postal.lookup,developer.postal.lookup,developer,postal,lookup
dhl.track,logistics.dhl.track,logistics.dhl.track,logistics,dhl,track
ukpost.lookup,address.ukpost.lookup,developer.ukpost.lookup,developer,ukpost,lookup
ukpost.nearest,address.ukpost.nearest,developer.ukpost.nearest,developer,ukpost,nearest
ukpost.validate,address.ukpost.validate,developer.ukpost.validate,developer,ukpost,validate
shipengine.rates,logistics.shipengine.rates,logistics.shipengine.rates,logistics,shipengine,rates
shipengine.validate,logistics.shipengine.validate,logistics.shipengine.validate,logistics,shipengine,validate
shipengine.carriers,logistics.shipengine.carriers,logistics.shipengine.carriers,logistics,shipengine,carriers
weatherapi.current,weather.weatherapi.current,developer.weatherapi.current,developer,weatherapi,current
weatherapi.forecast,weather.weatherapi.forecast,developer.weatherapi.forecast,developer,weatherapi,forecast
weatherapi.astronomy,weather.weatherapi.astronomy,developer.weatherapi.astronomy,developer,weatherapi,astronomy
weatherapi.search,weather.weatherapi.search,developer.weatherapi.search,developer,weatherapi,search
code.execute,dev.code.execute,developer.code.execute,developer,code,execute
code.languages,dev.code.languages,developer.code.languages,developer,code,languages
scrape.extract,web.scrape.extract,developer.scrape.extract,developer,scrape,extract
scrape.browser,web.scrape.browser,developer.scrape.browser,developer,scrape,browser
scrape.screenshot,web.scrape.screenshot,developer.scrape.screenshot,developer,scrape,screenshot
carmarket.search,vehicle.carmarket.search,developer.carmarket.search,developer,carmarket,search
carmarket.listing,vehicle.carmarket.listing,developer.carmarket.listing,developer,carmarket,listing
threatintel.reputation,security.threatintel.reputation,developer.threatintel.reputation,developer,threatintel,reputation
threatintel.malware,security.threatintel.malware,developer.threatintel.malware,developer,threatintel,malware
threatintel.infrastructure,security.threatintel.infrastructure,developer.threatintel.infrastructure,developer,threatintel,infrastructure
listennotes.search,podcasts.listennotes.search,podcasts.listennotes.search,podcasts,listennotes,search
listennotes.podcast,podcasts.listennotes.podcast,podcasts.listennotes.podcast,podcasts,listennotes,podcast
listennotes.best,podcasts.listennotes.best,podcasts.listennotes.best,podcasts,listennotes,best
audd.recognize,music.audd.recognize,music.audd.recognize,music,audd,recognize
audd.lyrics,music.audd.lyrics,music.audd.lyrics,music,audd,lyrics
materials.search,science.materials.search,health.materials.search,health,materials,search
materials.details,science.materials.details,health.materials.details,health,materials,details
materials.elasticity,science.materials.elasticity,health.materials.elasticity,health,materials,elasticity
tracking.register,logistics.tracking.register,logistics.tracking.register,logistics,tracking,register
tracking.status,logistics.tracking.status,logistics.tracking.status,logistics,tracking,status
tracking.list,logistics.tracking.list,logistics.tracking.list,logistics,tracking,list
account.usage,account.analytics.usage,developer.account.usage,developer,account,usage
account.tools,account.analytics.tools,developer.account.tools,developer,account,tools
account.timeseries,account.analytics.timeseries,developer.account.timeseries,developer,account,timeseries
platform.tool_quality,platform.quality.tool,developer.platform.tool_quality,developer,platform,tool_quality
platform.tool_rankings,platform.quality.rankings,developer.platform.tool_rankings,developer,platform,tool_rankings
platform.call_batch,platform.batch.call,developer.platform.call_batch,developer,platform,call_batch
apibase.discover,apibase.discovery.search,developer.apibase.discover,developer,apibase,discover
theirstack.jobs,jobs.theirstack.search,jobs.theirstack.jobs,jobs,theirstack,jobs
theirstack.companies,jobs.theirstack.companies,jobs.theirstack.companies,jobs,theirstack,companies
jooble.search,jobs.jooble.search,jobs.jooble.search,jobs,jooble,search
arbeitnow.jobs,jobs.arbeitnow.browse,jobs.arbeitnow.jobs,jobs,arbeitnow,jobs
reed.search,jobs.reed.search,jobs.reed.search,jobs,reed,search
reed.details,jobs.reed.details,jobs.reed.details,jobs,reed,details
remotive.search,jobs.remotive.search,jobs.remotive.search,jobs,remotive,search
canopy.search,ecommerce.amazon.search,entertainment.canopy.search,entertainment,canopy,search
canopy.product,ecommerce.amazon.product,entertainment.canopy.product,entertainment,canopy,product
canopy.offers,ecommerce.amazon.offers,entertainment.canopy.offers,entertainment,canopy,offers
canopy.deals,ecommerce.amazon.deals,entertainment.canopy.deals,entertainment,canopy,deals
spider.scrape,scraping.spider.scrape,search.spider.scrape,search,spider,scrape
spider.search,scraping.spider.search,search.spider.search,search,spider,search
imgflip.memes,media.imgflip.memes,media.imgflip.memes,media,imgflip,memes
imgflip.caption,media.imgflip.caption,media.imgflip.caption,media,imgflip,caption
cocktail.search,recipes.cocktail.search,entertainment.cocktail.search,entertainment,cocktail,search
cocktail.random,recipes.cocktail.random,entertainment.cocktail.random,entertainment,cocktail,random
github.search_repos,developer.github.search,developer.github.search_repos,developer,github,search_repos
github.user,developer.github.user,developer.github.user,developer,github,user
github.repo,developer.github.repo,developer.github.repo,developer,github,repo
wikidata.search,knowledge.wikidata.search,education.wikidata.search,education,wikidata,search
wikidata.entity,knowledge.wikidata.entity,education.wikidata.entity,education,wikidata,entity
dictionary.define,language.dictionary.define,education.dictionary.define,education,dictionary,define
dictionary.words,language.dictionary.words,education.dictionary.words,education,dictionary,words
noaa.forecast,noaa.weather.forecast,weather.noaa.forecast,weather,noaa,forecast
noaa.hourly,noaa.weather.hourly,weather.noaa.hourly,weather,noaa,hourly
noaa.observation,noaa.weather.observation,weather.noaa.observation,weather,noaa,observation
whoisjson.ssl_check,whoisjson.ssl.check,developer.whoisjson.ssl_check,developer,whoisjson,ssl_check
whoisjson.subdomains,whoisjson.dns.subdomains,developer.whoisjson.subdomains,developer,whoisjson,subdomains
npm.package_info,npm.packages.info,developer.npm.package_info,developer,npm,package_info
npm.downloads,npm.packages.downloads,developer.npm.downloads,developer,npm,downloads
npm.search,npm.packages.search,developer.npm.search,developer,npm,search
npm.versions,npm.packages.versions,developer.npm.versions,developer,npm,versions
osv.query,osv.security.query,developer.osv.query,developer,osv,query
osv.get,osv.security.get,developer.osv.get,developer,osv,get
osv.batch_query,osv.security.batch,developer.osv.batch_query,developer,osv,batch_query
census.population,census.data.population,world.census.population,world,census,population
census.demographics,census.data.demographics,world.census.demographics,world,census,demographics
census.economic,census.data.economic,world.census.economic,world,census,economic
census.housing,census.data.housing,world.census.housing,world,census,housing
spending.awards,spending.federal.awards,world.spending.awards,world,spending,awards
spending.agency,spending.federal.agency,world.spending.agency,world,spending,agency
spending.geography,spending.federal.geography,world.spending.geography,world,spending,geography
sam.entity_search,sam.gov.entity_search,business.sam.entity_search,business,sam,entity_search
sam.entity_detail,sam.gov.entity_detail,business.sam.entity_detail,business,sam,entity_detail
fema.disasters,fema.disaster.declarations,world.fema.disasters,world,fema,disasters
fema.flood_claims,fema.disaster.flood_claims,world.fema.flood_claims,world,fema,flood_claims
fema.assistance,fema.disaster.assistance,world.fema.assistance,world,fema,assistance
pypi.package_info,pypi.packages.info,developer.pypi.package_info,developer,pypi,package_info
pypi.releases,pypi.packages.releases,developer.pypi.releases,developer,pypi,releases
gbif.species_search,gbif.biodiversity.species_search,education.gbif.species_search,education,gbif,species_search
gbif.species_details,gbif.biodiversity.species_details,education.gbif.species_details,education,gbif,species_details
gbif.occurrences,gbif.biodiversity.occurrences,education.gbif.occurrences,education,gbif,occurrences
gbif.occurrence_count,gbif.biodiversity.occurrence_count,education.gbif.occurrence_count,education,gbif,occurrence_count
congress.bills,congress.legislation.bills,legal.congress.bills,legal,congress,bills
congress.bill_details,congress.legislation.bill_details,legal.congress.bill_details,legal,congress,bill_details
congress.members,congress.legislation.members,legal.congress.members,legal,congress,members
depsdev.package,depsdev.insights.package,developer.depsdev.package,developer,depsdev,package
depsdev.dependencies,depsdev.insights.dependencies,developer.depsdev.dependencies,developer,depsdev,dependencies
depsdev.advisories,depsdev.insights.advisories,developer.depsdev.advisories,developer,depsdev,advisories
epa.toxic_releases,epa.environment.toxic_releases,world.epa.toxic_releases,world,epa,toxic_releases
epa.water_systems,epa.environment.water_systems,world.epa.water_systems,world,epa,water_systems
ncei.stations,ncei.climate.stations,weather.ncei.stations,weather,ncei,stations
ncei.daily_data,ncei.climate.daily_data,weather.ncei.daily_data,weather,ncei,daily_data
climate.temperature,climate.indicators.temperature,weather.climate.temperature,weather,climate,temperature
climate.co2,climate.indicators.co2,weather.climate.co2,weather,climate,co2
climate.methane,climate.indicators.methane,weather.climate.methane,weather,climate,methane
climate.nitrous_oxide,climate.indicators.nitrous_oxide,weather.climate.nitrous_oxide,weather,climate,nitrous_oxide
climate.arctic_ice,climate.indicators.arctic_ice,weather.climate.arctic_ice,weather,climate,arctic_ice
chart.create,chart.visualization.create,developer.chart.create,developer,chart,create
figi.map,figi.finance.map,finance.figi.map,finance,figi,map
figi.search,figi.finance.search,finance.figi.search,finance,figi,search
figi.filter,figi.finance.filter,finance.figi.filter,finance,figi,filter
usno.moon_phases,usno.astronomy.moon_phases,space.usno.moon_phases,space,usno,moon_phases
usno.sun_moon,usno.astronomy.sun_moon,space.usno.sun_moon,space,usno,sun_moon
usno.seasons,usno.astronomy.seasons,space.usno.seasons,space,usno,seasons
wger.exercise_search,wger.fitness.exercise_search,health.wger.exercise_search,health,wger,exercise_search
wger.exercise_details,wger.fitness.exercise_details,health.wger.exercise_details,health,wger,exercise_details
wger.ingredients,wger.fitness.ingredients,health.wger.ingredients,health,wger,ingredients
email_verify.check,email.verification.check,messaging.email_verify.check,messaging,email_verify,check
solar.bodies,solar.system.bodies,space.solar.bodies,space,solar,bodies
solar.body_details,solar.system.body_details,space.solar.body_details,space,solar,body_details
iss.position,iss.space.position,space.iss.position,space,iss,position
iss.tle,iss.space.tle,space.iss.tle,space,iss,tle
hf.models,hf.hub.models,developer.hf.models,developer,hf,models
hf.model_details,hf.hub.model_details,developer.hf.model_details,developer,hf,model_details
hf.datasets,hf.hub.datasets,developer.hf.datasets,developer,hf,datasets
water.sites,water.usgs.sites,world.water.sites,world,water,sites
water.realtime,water.usgs.realtime,world.water.realtime,world,water,realtime
worldbank.indicators,worldbank.dev.indicators,finance.worldbank.indicators,finance,worldbank,indicators
cdc.datasets,cdc.health.datasets,health.cdc.datasets,health,cdc,datasets
cdc.query,cdc.health.query,health.cdc.query,health,cdc,query
dblp.search,dblp.cs.search,education.dblp.search,education,dblp,search
dblp.author,dblp.cs.author,education.dblp.author,education,dblp,author
tides.predictions,tides.noaa.predictions,world.tides.predictions,world,tides,predictions
tides.water_levels,tides.noaa.water_levels,world.tides.water_levels,world,tides,water_levels
met.search,met.art.search,entertainment.met.search,entertainment,met,search
met.details,met.art.details,entertainment.met.details,entertainment,met,details
met.departments,met.collection.departments,entertainment.met.departments,entertainment,met,departments
met.browse,met.collection.browse,entertainment.met.browse,entertainment,met,browse
rijks.search,rijks.art.search,entertainment.rijks.search,entertainment,rijks,search
rijks.details,rijks.art.details,entertainment.rijks.details,entertainment,rijks,details
cma.search,cma.art.search,entertainment.cma.search,entertainment,cma,search
cma.artwork,cma.art.details,entertainment.cma.artwork,entertainment,cma,artwork
cma.artwork_search,cma.artwork.search,entertainment.cma.artwork_search,entertainment,cma,artwork_search
cma.artwork_detail,cma.artwork.detail,entertainment.cma.artwork_detail,entertainment,cma,artwork_detail
cma.creator_search,cma.creator.search,entertainment.cma.creator_search,entertainment,cma,creator_search
cma.exhibition_search,cma.exhibition.search,entertainment.cma.exhibition_search,entertainment,cma,exhibition_search
smithsonian.search,smithsonian.collection.search,entertainment.smithsonian.search,entertainment,smithsonian,search
smithsonian.record,smithsonian.collection.record,entertainment.smithsonian.record,entertainment,smithsonian,record
soil.properties,soil.survey.properties,world.soil.properties,world,soil,properties
razorpayifsc.lookup,razorpay.ifsc.lookup,finance.razorpayifsc.lookup,finance,razorpayifsc,lookup
lichess.user_profile,lichess.user.profile,entertainment.lichess.user_profile,entertainment,lichess,user_profile
lichess.top_players,lichess.players.top,entertainment.lichess.top_players,entertainment,lichess,top_players
lichess.daily_puzzle,lichess.puzzle.daily,entertainment.lichess.daily_puzzle,entertainment,lichess,daily_puzzle
chesscom.player_profile,chesscom.player.profile,entertainment.chesscom.player_profile,entertainment,chesscom,player_profile
chesscom.player_stats,chesscom.player.stats,entertainment.chesscom.player_stats,entertainment,chesscom,player_stats
chesscom.titled_players,chesscom.players.titled,entertainment.chesscom.titled_players,entertainment,chesscom,titled_players
awc.metar,aviation.metar.current,weather.awc.metar,weather,awc,metar
awc.taf,aviation.taf.forecast,weather.awc.taf,weather,awc,taf
awc.sigmet,aviation.sigmet.alerts,weather.awc.sigmet,weather,awc,sigmet
ukfsa.establishment_search,ukfsa.establishments.search,health.ukfsa.establishment_search,health,ukfsa,establishment_search
ukfsa.establishment_details,ukfsa.establishments.detail,health.ukfsa.establishment_details,health,ukfsa,establishment_details
ukfsa.local_authorities,ukfsa.authorities.list,health.ukfsa.local_authorities,health,ukfsa,local_authorities
govuk.search,govuk.content.search,legal.govuk.search,legal,govuk,search
govuk.content,govuk.content.fetch,legal.govuk.content,legal,govuk,content
govuk.organisations,govuk.organisations.list,legal.govuk.organisations,legal,govuk,organisations
scb.catalog,scb.catalog.browse,world.scb.catalog,world,scb,catalog
scb.table_metadata,scb.tables.metadata,world.scb.table_metadata,world,scb,table_metadata
scb.table_query,scb.tables.query,world.scb.table_query,world,scb,table_query
irctc.train_search,irctc.trains.search,travel.irctc.train_search,travel,irctc,train_search
irctc.train_status,irctc.trains.status,travel.irctc.train_status,travel,irctc,train_status
irctc.station_search,irctc.stations.search,travel.irctc.station_search,travel,irctc,station_search
nvd.cve_search,nvd.cves.search,developer.nvd.cve_search,developer,nvd,cve_search
nvd.cve_detail,nvd.cves.detail,developer.nvd.cve_detail,developer,nvd,cve_detail
nvd.cpe_search,nvd.cpes.search,developer.nvd.cpe_search,developer,nvd,cpe_search
usajobs.search,usajobs.jobs.search,jobs.usajobs.search,jobs,usajobs,search
usajobs.position_detail,usajobs.positions.detail,jobs.usajobs.position_detail,jobs,usajobs,position_detail
usajobs.code_lists,usajobs.codes.list,jobs.usajobs.code_lists,jobs,usajobs,code_lists
nrel.afdc_stations_nearest,nrel.afdc.nearest,world.nrel.afdc_stations_nearest,world,nrel,afdc_stations_nearest
nrel.afdc_stations_search,nrel.afdc.search,world.nrel.afdc_stations_search,world,nrel,afdc_stations_search
nrel.afdc_station_detail,nrel.afdc.detail,world.nrel.afdc_station_detail,world,nrel,afdc_station_detail
nrel.pvwatts_estimate,nrel.pvwatts.estimate,world.nrel.pvwatts_estimate,world,nrel,pvwatts_estimate
checkwx.metar_decoded,checkwx.metar.decoded,weather.checkwx.metar_decoded,weather,checkwx,metar_decoded
checkwx.taf_decoded,checkwx.taf.decoded,weather.checkwx.taf_decoded,weather,checkwx,taf_decoded
checkwx.station_info,checkwx.stations.info,weather.checkwx.station_info,weather,checkwx,station_info
opendota.player_summary,opendota.players.summary,entertainment.opendota.player_summary,entertainment,opendota,player_summary
opendota.player_matches,opendota.players.matches,entertainment.opendota.player_matches,entertainment,opendota,player_matches
opendota.match_detail,opendota.matches.detail,entertainment.opendota.match_detail,entertainment,opendota,match_detail
opendota.pro_teams,opendota.proteams.list,entertainment.opendota.pro_teams,entertainment,opendota,pro_teams
avwx.notams,avwx.notams.list,weather.avwx.notams,weather,avwx,notams
avwx.pireps,avwx.pireps.list,weather.avwx.pireps,weather,avwx,pireps
avwx.station_summary,avwx.stations.summary,weather.avwx.station_summary,weather,avwx,station_summary
nihreporter.projects.search,nihreporter.projects.search,health.nihreporter.projects_search,health,nihreporter,projects_search
nihreporter.projects.by_org,nihreporter.projects.by_org,health.nihreporter.projects_by_org,health,nihreporter,projects_by_org
nihreporter.projects.by_pi,nihreporter.projects.by_pi,health.nihreporter.projects_by_pi,health,nihreporter,projects_by_pi
nihreporter.publications.by_project,nihreporter.publications.by_project,health.nihreporter.publications_by_project,health,nihreporter,publications_by_project
fcc.geo.block_fips,fcc.geo.block_fips,legal.fcc.geo_block_fips,legal,fcc,geo_block_fips
fcc.regulatory.proceedings,fcc.regulatory.search_proceedings,legal.fcc.regulatory_proceedings,legal,fcc,regulatory_proceedings
fcc.regulatory.filings,fcc.regulatory.search_filings,legal.fcc.regulatory_filings,legal,fcc,regulatory_filings
fcc.regulatory.proceeding_detail,fcc.regulatory.proceeding_detail,legal.fcc.regulatory_proceeding_detail,legal,fcc,regulatory_proceeding_detail
nasaexoplanet.search,nasaexoplanet.planets.search,space.nasaexoplanet.search,space,nasaexoplanet,search
nasaexoplanet.planet_detail,nasaexoplanet.planets.detail,space.nasaexoplanet.planet_detail,space,nasaexoplanet,planet_detail
nasaexoplanet.habitable,nasaexoplanet.planets.habitable,space.nasaexoplanet.habitable,space,nasaexoplanet,habitable
nasaexoplanet.stats,nasaexoplanet.planets.stats,space.nasaexoplanet.stats,space,nasaexoplanet,stats
unsdg.goals.list,unsdg.goals.list,world.unsdg.goals_list,world,unsdg,goals_list
unsdg.targets.list,unsdg.targets.list,world.unsdg.targets_list,world,unsdg,targets_list
unsdg.indicators.list,unsdg.indicators.list,world.unsdg.indicators_list,world,unsdg,indicators_list
unsdg.data.query,unsdg.data.query,world.unsdg.data_query,world,unsdg,data_query
unsdg.geo.countries,unsdg.geo.countries,world.unsdg.geo_countries,world,unsdg,geo_countries
datacite.doi.search,datacite.doi.search,education.datacite.doi_search,education,datacite,doi_search
datacite.doi.lookup,datacite.doi.lookup,education.datacite.doi_lookup,education,datacite,doi_lookup
datacite.works.stats,datacite.works.stats,education.datacite.works_stats,education,datacite,works_stats
datacite.client.search,datacite.client.search,education.datacite.client_search,education,datacite,client_search
ssbnorway.search,ssbnorway.data.search,world.ssbnorway.search,world,ssbnorway,search
ssbnorway.metadata,ssbnorway.data.metadata,world.ssbnorway.metadata,world,ssbnorway,metadata
ssbnorway.query,ssbnorway.data.query,world.ssbnorway.query,world,ssbnorway,query
ssbnorway.population,ssbnorway.stats.population,world.ssbnorway.population,world,ssbnorway,population
statistics-denmark.subjects,statistics-denmark.data.subjects,world.statistics-denmark.subjects,world,statistics-denmark,subjects
statistics-denmark.tables,statistics-denmark.data.tables,world.statistics-denmark.tables,world,statistics-denmark,tables
statistics-denmark.table_info,statistics-denmark.data.table_info,world.statistics-denmark.table_info,world,statistics-denmark,table_info
statistics-denmark.data,statistics-denmark.data.query,world.statistics-denmark.data,world,statistics-denmark,data
overpass.amenities,overpass.search.amenities,location.overpass.amenities,location,overpass,amenities
overpass.pois_nearby,overpass.search.nearby,location.overpass.pois_nearby,location,overpass,pois_nearby
overpass.named_place,overpass.search.named,location.overpass.named_place,location,overpass,named_place
overpass.public_transport,overpass.search.transit,location.overpass.public_transport,location,overpass,public_transport
zenodo.search,zenodo.records.search,education.zenodo.search,education,zenodo,search
zenodo.record,zenodo.records.detail,education.zenodo.record,education,zenodo,record
zenodo.files,zenodo.records.files,education.zenodo.files,education,zenodo,files
zenodo.communities,zenodo.communities.search,education.zenodo.communities,education,zenodo,communities
nasantrs.search,nasantrs.reports.search,space.nasantrs.search,space,nasantrs,search
nasantrs.report,nasantrs.reports.detail,space.nasantrs.report,space,nasantrs,report
nasantrs.recent,nasantrs.reports.recent,space.nasantrs.recent,space,nasantrs,recent
nasantrs.stats,nasantrs.reports.stats,space.nasantrs.stats,space,nasantrs,stats
cernopendata.search,cernopendata.records.search,space.cernopendata.search,space,cernopendata,search
cernopendata.detail,cernopendata.records.detail,space.cernopendata.detail,space,cernopendata,detail
cernopendata.datasets,cernopendata.datasets.browse,space.cernopendata.datasets,space,cernopendata,datasets
cernopendata.glossary,cernopendata.glossary.lookup,space.cernopendata.glossary,space,cernopendata,glossary
celestrak.tle,celestrak.satellite.tle,space.celestrak.tle,space,celestrak,tle
celestrak.search,celestrak.satellite.search,space.celestrak.search,space,celestrak,search
celestrak.group,celestrak.satellite.group,space.celestrak.group,space,celestrak,group
celestrak.intdes,celestrak.satellite.intdes,space.celestrak.intdes,space,celestrak,intdes
eonet.events,eonet.events.list,world.eonet.events,world,eonet,events
eonet.event_detail,eonet.events.detail,world.eonet.event_detail,world,eonet,event_detail
eonet.categories,eonet.events.categories,world.eonet.categories,world,eonet,categories
eonet.layers,eonet.events.layers,world.eonet.layers,world,eonet,layers
rxnorm.drug_search,rxnorm.drugs.search,health.rxnorm.drug_search,health,rxnorm,drug_search
rxnorm.rxcui_properties,rxnorm.drugs.properties,health.rxnorm.rxcui_properties,health,rxnorm,rxcui_properties
rxnorm.ndc_lookup,rxnorm.drugs.ndc_lookup,health.rxnorm.ndc_lookup,health,rxnorm,ndc_lookup
rxnorm.drug_class,rxnorm.drugs.class,health.rxnorm.drug_class,health,rxnorm,drug_class
mygene.search,mygene.genes.search,health.mygene.search,health,mygene,search
mygene.gene_info,mygene.genes.info,health.mygene.gene_info,health,mygene,gene_info
mygene.batch_genes,mygene.genes.batch,health.mygene.batch_genes,health,mygene,batch_genes
mygene.query_by_symbol,mygene.genes.symbol,health.mygene.query_by_symbol,health,mygene,query_by_symbol
myvariant.search,myvariant.variants.search,health.myvariant.search,health,myvariant,search
myvariant.variant_info,myvariant.variants.info,health.myvariant.variant_info,health,myvariant,variant_info
myvariant.batch_variants,myvariant.variants.batch,health.myvariant.batch_variants,health,myvariant,batch_variants
myvariant.metadata,myvariant.variants.metadata,health.myvariant.metadata,health,myvariant,metadata
mychem.search,mychem.chemicals.search,health.mychem.search,health,mychem,search
mychem.annotation,mychem.chemicals.annotation,health.mychem.annotation,health,mychem,annotation
mychem.batch_query,mychem.chemicals.batch_query,health.mychem.batch_query,health,mychem,batch_query
drought.national_stats,drought.national.stats,weather.drought.national_stats,weather,drought,national_stats
drought.dsci,drought.national.dsci,weather.drought.dsci,weather,drought,dsci
drought.county_stats,drought.county.stats,weather.drought.county_stats,weather,drought,county_stats
drought.weeks_in_drought,drought.county.weeks,weather.drought.weeks_in_drought,weather,drought,weeks_in_drought
europepmc.search,europepmc.literature.search,health.europepmc.search,health,europepmc,search
europepmc.article,europepmc.literature.article,health.europepmc.article,health,europepmc,article
europepmc.citations,europepmc.literature.citations,health.europepmc.citations,health,europepmc,citations
europepmc.references,europepmc.literature.references,health.europepmc.references,health,europepmc,references
ror.search,ror.organizations.search,education.ror.search,education,ror,search
ror.get,ror.organizations.get,education.ror.get,education,ror,get
ror.filter,ror.organizations.filter,education.ror.filter,education,ror,filter
ror.affiliation,ror.organizations.affiliation,education.ror.affiliation,education,ror,affiliation
mychem.metadata,mychem.chemicals.metadata,health.mychem.metadata,health,mychem,metadata
col.search,col.species.search,world.col.search,world,col,search
col.detail,col.species.detail,world.col.detail,world,col,detail
col.suggest,col.species.suggest,world.col.suggest,world,col,suggest
opencontext.search,opencontext.archaeology.search,education.opencontext.search,education,opencontext,search
opencontext.detail,opencontext.archaeology.detail,education.opencontext.detail,education,opencontext,detail
opencontext.facets,opencontext.archaeology.facets,education.opencontext.facets,education,opencontext,facets
opencontext.projects,opencontext.archaeology.projects,education.opencontext.projects,education,opencontext,projects
col.children,col.species.children,world.col.children,world,col,children
wto.trade_data,wto.trade.data,finance.wto.trade_data,finance,wto,trade_data
wto.indicators,wto.trade.indicators,finance.wto.indicators,finance,wto,indicators
wto.reporters,wto.trade.reporters,finance.wto.reporters,finance,wto,reporters
wto.topics,wto.trade.topics,finance.wto.topics,finance,wto,topics
insee.company_by_siren,insee.company.by_siren,business.insee.company_by_siren,business,insee,company_by_siren
insee.establishment_by_siret,insee.establishment.by_siret,business.insee.establishment_by_siret,business,insee,establishment_by_siret
insee.search_companies,insee.company.search,business.insee.search_companies,business,insee,search_companies
insee.search_establishments,insee.establishment.search,business.insee.search_establishments,business,insee,search_establishments
bhl.literature.search,bhl.literature.search,education.bhl.literature_search,education,bhl,literature_search
bhl.literature.fulltext,bhl.literature.fulltext,education.bhl.literature_fulltext,education,bhl,literature_fulltext
bhl.taxonomy.name_search,bhl.taxonomy.name_search,education.bhl.taxonomy_name_search,education,bhl,taxonomy_name_search
bhl.literature.by_subject,bhl.literature.by_subject,education.bhl.literature_by_subject,education,bhl,literature_by_subject
gfw.vessel.search,gfw.vessel.search,world.gfw.vessel_search,world,gfw,vessel_search
gfw.vessel.details,gfw.vessel.details,world.gfw.vessel_details,world,gfw,vessel_details
gfw.vessel.fishing_events,gfw.vessel.fishing_events,world.gfw.vessel_fishing_events,world,gfw,vessel_fishing_events
gfw.ocean.fishing_effort,gfw.ocean.fishing_effort,world.gfw.ocean_fishing_effort,world,gfw,ocean_fishing_effort
openstates.people_search,openstates.legislature.people_search,legal.openstates.people_search,legal,openstates,people_search
openstates.bills_search,openstates.legislature.bills_search,legal.openstates.bills_search,legal,openstates,bills_search
openstates.bill_detail,openstates.legislature.bill_detail,legal.openstates.bill_detail,legal,openstates,bill_detail
openstates.committees,openstates.legislature.committees,legal.openstates.committees,legal,openstates,committees
vam.search,vam.collections.search,media.vam.search,media,vam,search
vam.object,vam.collections.object,media.vam.object,media,vam,object
vam.by_maker,vam.collections.by_maker,media.vam.by_maker,media,vam,by_maker
vam.by_category,vam.collections.by_category,media.vam.by_category,media,vam,by_category
pharmgkb.gene_search,pharmgkb.pharmacology.gene_search,health.pharmgkb.gene_search,health,pharmgkb,gene_search
pharmgkb.drug_search,pharmgkb.pharmacology.drug_search,health.pharmgkb.drug_search,health,pharmgkb,drug_search
pharmgkb.variant_lookup,pharmgkb.pharmacology.variant_lookup,health.pharmgkb.variant_lookup,health,pharmgkb,variant_lookup
pharmgkb.drug_labels,pharmgkb.pharmacology.drug_labels,health.pharmgkb.drug_labels,health,pharmgkb,drug_labels
brreg.search,brreg.registry.search,business.brreg.search,business,brreg,search
brreg.entity,brreg.registry.entity,business.brreg.entity,business,brreg,entity
brreg.sub_units,brreg.registry.sub_units,business.brreg.sub_units,business,brreg,sub_units
brreg.roles,brreg.registry.roles,business.brreg.roles,business,brreg,roles
worms.species.search,worms.species.search,education.worms.species_search,education,worms,species_search
worms.species.details,worms.species.details,education.worms.species_details,education,worms,species_details
worms.species.classification,worms.species.classification,education.worms.species_classification,education,worms,species_classification
worms.species.vernaculars,worms.species.vernaculars,education.worms.species_vernaculars,education,worms,species_vernaculars
bankofcanada.fx_rates,bankofcanada.fx.rates,finance.bankofcanada.fx_rates,finance,bankofcanada,fx_rates
bankofcanada.policy_rate,bankofcanada.rates.policy,finance.bankofcanada.policy_rate,finance,bankofcanada,policy_rate
bankofcanada.inflation,bankofcanada.rates.inflation,finance.bankofcanada.inflation,finance,bankofcanada,inflation
bankofcanada.series,bankofcanada.data.series,finance.bankofcanada.series,finance,bankofcanada,series
opensensemap.box_search,opensensemap.boxes.search,weather.opensensemap.box_search,weather,opensensemap,box_search
opensensemap.box_detail,opensensemap.boxes.detail,weather.opensensemap.box_detail,weather,opensensemap,box_detail
opensensemap.sensors_latest,opensensemap.sensors.latest,weather.opensensemap.sensors_latest,weather,opensensemap,sensors_latest
openfda_devices.recalls,openfda_devices.safety.recalls,health.openfda_devices.recalls,health,openfda_devices,recalls
openfda_devices.clearances_510k,openfda_devices.clearance.premarket_510k,health.openfda_devices.clearances_510k,health,openfda_devices,clearances_510k
openfda_devices.adverse_events,openfda_devices.safety.adverse_events,health.openfda_devices.adverse_events,health,openfda_devices,adverse_events
openfda_devices.classification,openfda_devices.reference.classification,health.openfda_devices.classification,health,openfda_devices,classification
fda_openfda.drug_recalls,fda_openfda.safety.drug_recalls,health.fda_openfda.drug_recalls,health,fda_openfda,drug_recalls
fda_openfda.ndc_directory,fda_openfda.reference.ndc_directory,health.fda_openfda.ndc_directory,health,fda_openfda,ndc_directory
fda_openfda.food_adverse_events,fda_openfda.safety.food_adverse_events,health.fda_openfda.food_adverse_events,health,fda_openfda,food_adverse_events
opensensemap.sensor_timeseries,opensensemap.sensors.timeseries,weather.opensensemap.sensor_timeseries,weather,opensensemap,sensor_timeseries
marine.forecast,marine.ocean.forecast,weather.marine.forecast,weather,marine,forecast
marine.wave_conditions,marine.ocean.waves,weather.marine.wave_conditions,weather,marine,wave_conditions
marine.swell_forecast,marine.ocean.swell,weather.marine.swell_forecast,weather,marine,swell_forecast
marine.sea_temperature,marine.ocean.temperature,weather.marine.sea_temperature,weather,marine,sea_temperature
mfapi.scheme_search,mfapi.schemes.search,finance.mfapi.scheme_search,finance,mfapi,scheme_search
mfapi.scheme_list,mfapi.schemes.list,finance.mfapi.scheme_list,finance,mfapi,scheme_list
mfapi.nav_latest,mfapi.nav.latest,finance.mfapi.nav_latest,finance,mfapi,nav_latest
mfapi.nav_history,mfapi.nav.history,finance.mfapi.nav_history,finance,mfapi,nav_history
sdwis.water_systems,sdwis.water.systems,health.sdwis.water_systems,health,sdwis,water_systems
sdwis.violations,sdwis.water.violations,health.sdwis.violations,health,sdwis,violations
sdwis.enforcement,sdwis.water.enforcement,health.sdwis.enforcement,health,sdwis,enforcement
sdwis.service_areas,sdwis.water.service_areas,health.sdwis.service_areas,health,sdwis,service_areas
bls-macro.series,bls.macro.series,finance.bls-macro.series,finance,bls-macro,series
bls-macro.cpi,bls.macro.cpi,finance.bls-macro.cpi,finance,bls-macro,cpi
bls-macro.unemployment,bls.macro.unemployment,finance.bls-macro.unemployment,finance,bls-macro,unemployment
bls-macro.payrolls,bls.macro.payrolls,finance.bls-macro.payrolls,finance,bls-macro,payrolls
mbta-transit.routes,mbta.transit.routes,world.mbta-transit.routes,world,mbta-transit,routes
mbta-transit.stops,mbta.transit.stops,world.mbta-transit.stops,world,mbta-transit,stops
mbta-transit.alerts,mbta.transit.alerts,world.mbta-transit.alerts,world,mbta-transit,alerts
unhcr.population,unhcr.population.statistics,world.unhcr.population,world,unhcr,population
unhcr.solutions,unhcr.population.solutions,world.unhcr.solutions,world,unhcr,solutions
unhcr.asylum_applications,unhcr.asylum.applications,world.unhcr.asylum_applications,world,unhcr,asylum_applications
unhcr.asylum_decisions,unhcr.asylum.decisions,world.unhcr.asylum_decisions,world,unhcr,asylum_decisions
mbta-transit.predictions,mbta.transit.predictions,world.mbta-transit.predictions,world,mbta-transit,predictions
geonames.place.search,geonames.place.search,location.geonames.place_search,location,geonames,place_search
geonames.postal.lookup,geonames.postal.lookup,location.geonames.postal_lookup,location,geonames,postal_lookup
geonames.country.info,geonames.country.info,location.geonames.country_info,location,geonames,country_info
geonames.place.timezone,geonames.place.timezone,location.geonames.place_timezone,location,geonames,place_timezone
carbonintensity.current,carbonintensity.energy.current,world.carbonintensity.current,world,carbonintensity,current
carbonintensity.generation,carbonintensity.energy.generation,world.carbonintensity.generation,world,carbonintensity,generation
carbonintensity.regional,carbonintensity.energy.regional,world.carbonintensity.regional,world,carbonintensity,regional
carbonintensity.forecast,carbonintensity.energy.forecast,world.carbonintensity.forecast,world,carbonintensity,forecast
opentopodata.point,opentopodata.elevation.point,location.opentopodata.point,location,opentopodata,point
opentopodata.batch,opentopodata.elevation.batch,location.opentopodata.batch,location,opentopodata,batch
opentopodata.high_res,opentopodata.elevation.high_res,location.opentopodata.high_res,location,opentopodata,high_res
opentopodata.ocean,opentopodata.elevation.ocean,location.opentopodata.ocean,location,opentopodata,ocean
metno.forecast,metno.weather.forecast,weather.metno.forecast,weather,metno,forecast
metno.nowcast,metno.weather.nowcast,weather.metno.nowcast,weather,metno,nowcast
metno.alerts,metno.weather.alerts,weather.metno.alerts,weather,metno,alerts
metno.sunrise,metno.astronomy.sunrise,weather.metno.sunrise,weather,metno,sunrise
frankfurter.latest,frankfurter.currency.latest,finance.frankfurter.latest,finance,frankfurter,latest
frankfurter.historical,frankfurter.currency.historical,finance.frankfurter.historical,finance,frankfurter,historical
frankfurter.series,frankfurter.currency.series,finance.frankfurter.series,finance,frankfurter,series
frankfurter.currencies,frankfurter.currency.list,finance.frankfurter.currencies,finance,frankfurter,currencies
sunrisesunset.daily,sunrisesunset.astronomy.daily,space.sunrisesunset.daily,space,sunrisesunset,daily
sunrisesunset.range,sunrisesunset.astronomy.range,space.sunrisesunset.range,space,sunrisesunset,range
sunrisesunset.moon_phase,sunrisesunset.moon.phase,space.sunrisesunset.moon_phase,space,sunrisesunset,moon_phase
sunrisesunset.sun_position,sunrisesunset.sun.position,space.sunrisesunset.sun_position,space,sunrisesunset,sun_position
pokeapi.pokemon,pokeapi.pokemon.detail,entertainment.pokeapi.pokemon,entertainment,pokeapi,pokemon
pokeapi.species,pokeapi.pokemon.species,entertainment.pokeapi.species,entertainment,pokeapi,species
pokeapi.move,pokeapi.move.detail,entertainment.pokeapi.move,entertainment,pokeapi,move
samuni.municipalities,samuni.reference.municipalities,world.samuni.municipalities,world,samuni,municipalities
samuni.audit_opinions,samuni.finance.audit_opinions,world.samuni.audit_opinions,world,samuni,audit_opinions
samuni.income_expenditure,samuni.finance.income_expenditure,world.samuni.income_expenditure,world,samuni,income_expenditure
samuni.officials,samuni.reference.officials,world.samuni.officials,world,samuni,officials
pokeapi.type,pokeapi.type.matchup,entertainment.pokeapi.type,entertainment,pokeapi,type
tvmaze.show_search,tvmaze.shows.search,entertainment.tvmaze.show_search,entertainment,tvmaze,show_search
tvmaze.show_details,tvmaze.shows.details,entertainment.tvmaze.show_details,entertainment,tvmaze,show_details
tvmaze.show_episodes,tvmaze.shows.episodes,entertainment.tvmaze.show_episodes,entertainment,tvmaze,show_episodes
tvmaze.show_cast,tvmaze.shows.cast,entertainment.tvmaze.show_cast,entertainment,tvmaze,show_cast
tvmaze.schedule,tvmaze.schedule.broadcast,entertainment.tvmaze.schedule,entertainment,tvmaze,schedule
hackernews.top_stories,hackernews.stories.top,news.hackernews.top_stories,news,hackernews,top_stories
hackernews.new_stories,hackernews.stories.new,news.hackernews.new_stories,news,hackernews,new_stories
hackernews.best_stories,hackernews.stories.best,news.hackernews.best_stories,news,hackernews,best_stories
hackernews.item_details,hackernews.item.details,news.hackernews.item_details,news,hackernews,item_details
hackernews.user_profile,hackernews.user.profile,news.hackernews.user_profile,news,hackernews,user_profile
hnalgolia.search,hnalgolia.search.relevance,news.hnalgolia.search,news,hnalgolia,search
hnalgolia.search_recent,hnalgolia.search.recent,news.hnalgolia.search_recent,news,hnalgolia,search_recent
hnalgolia.search_comments,hnalgolia.search.comments,news.hnalgolia.search_comments,news,hnalgolia,search_comments
hnalgolia.item_details,hnalgolia.item.details,news.hnalgolia.item_details,news,hnalgolia,item_details
hnalgolia.user_profile,hnalgolia.user.profile,news.hnalgolia.user_profile,news,hnalgolia,user_profile
wikipedia.article.summary,wikipedia.article.summary,education.wikipedia.article_summary,education,wikipedia,article_summary
wikipedia.search.pages,wikipedia.search.pages,education.wikipedia.search_pages,education,wikipedia,search_pages
wikipedia.article.media,wikipedia.article.media,education.wikipedia.article_media,education,wikipedia,article_media
wikipedia.feed.featured,wikipedia.feed.featured,education.wikipedia.feed_featured,education,wikipedia,feed_featured
wikipedia.feed.on_this_day,wikipedia.feed.on_this_day,education.wikipedia.feed_on_this_day,education,wikipedia,feed_on_this_day
irail.stations,irail.reference.stations,travel.irail.stations,travel,irail,stations
irail.liveboard,irail.transit.liveboard,travel.irail.liveboard,travel,irail,liveboard
irail.connections,irail.transit.connections,travel.irail.connections,travel,irail,connections
irail.vehicle,irail.transit.vehicle,travel.irail.vehicle,travel,irail,vehicle
irail.disturbances,irail.transit.disturbances,travel.irail.disturbances,travel,irail,disturbances
norgesbank.fx.latest,norgesbank.fx.latest,finance.norgesbank.fx_latest,finance,norgesbank,fx_latest
norgesbank.fx.history,norgesbank.fx.history,finance.norgesbank.fx_history,finance,norgesbank,fx_history
norgesbank.rates.current,norgesbank.rates.current,finance.norgesbank.rates_current,finance,norgesbank,rates_current
norgesbank.rates.history,norgesbank.rates.history,finance.norgesbank.rates_history,finance,norgesbank,rates_history
swissfso.catalog.list,swissfso.catalog.list,world.swissfso.catalog_list,world,swissfso,catalog_list
swissfso.table.metadata,swissfso.table.metadata,world.swissfso.table_metadata,world,swissfso,table_metadata
swissfso.table.query,swissfso.table.query,world.swissfso.table_query,world,swissfso,table_query
swissfso.wages.monthly,swissfso.wages.monthly,world.swissfso.wages_monthly,world,swissfso,wages_monthly
treasuryfiscal.debt.current,treasuryfiscal.debt.current,finance.treasuryfiscal.debt_current,finance,treasuryfiscal,debt_current
treasuryfiscal.rates.interest,treasuryfiscal.rates.interest,finance.treasuryfiscal.rates_interest,finance,treasuryfiscal,rates_interest
treasuryfiscal.yield.quarterly,treasuryfiscal.yield.quarterly,finance.treasuryfiscal.yield_quarterly,finance,treasuryfiscal,yield_quarterly
treasuryfiscal.debt.expense,treasuryfiscal.debt.expense,finance.treasuryfiscal.debt_expense,finance,treasuryfiscal,debt_expense
usdamars.list_reports,usdamars.reports.list,world.usdamars.list_reports,world,usdamars,list_reports
usdamars.get_report,usdamars.reports.get,world.usdamars.get_report,world,usdamars,get_report
usdamars.list_corrected,usdamars.reports.corrected,world.usdamars.list_corrected,world,usdamars,list_corrected
usdamars.search_reports,usdamars.reports.search,world.usdamars.search_reports,world,usdamars,search_reports
adsbdb.aircraft_lookup,adsbdb.aircraft.lookup,travel.adsbdb.aircraft_lookup,travel,adsbdb,aircraft_lookup
adsbdb.airline_lookup,adsbdb.airline.lookup,travel.adsbdb.airline_lookup,travel,adsbdb,airline_lookup
adsbdb.callsign_lookup,adsbdb.callsign.lookup,travel.adsbdb.callsign_lookup,travel,adsbdb,callsign_lookup
faostat.food_security,faostat.agriculture.food_security,world.faostat.food_security,world,faostat,food_security
faostat.food_insecurity,faostat.agriculture.food_insecurity,world.faostat.food_insecurity,world,faostat,food_insecurity
faostat.water_stress,faostat.environment.water_stress,world.faostat.water_stress,world,faostat,water_stress
faostat.forest_area,faostat.environment.forest_area,world.faostat.forest_area,world,faostat,forest_area
faostat.food_loss,faostat.agriculture.food_loss,world.faostat.food_loss,world,faostat,food_loss
clinicaltrials.search,clinicaltrials.trials.search,health.clinicaltrials.search,health,clinicaltrials,search
clinicaltrials.study,clinicaltrials.trials.detail,health.clinicaltrials.study,health,clinicaltrials,study
clinicaltrials.recruiting,clinicaltrials.trials.recruiting,health.clinicaltrials.recruiting,health,clinicaltrials,recruiting
clinicaltrials.stats,clinicaltrials.trials.stats,health.clinicaltrials.stats,health,clinicaltrials,stats
abs.gdp,abs.economy.gdp,finance.abs.gdp,finance,abs,gdp
abs.cpi,abs.economy.cpi,finance.abs.cpi,finance,abs,cpi
abs.labour_force,abs.economy.labour_force,finance.abs.labour_force,finance,abs,labour_force
abs.population,abs.demographics.population,finance.abs.population,finance,abs,population
abs.trade,abs.economy.trade,finance.abs.trade,finance,abs,trade
ons.datasets.list,ons.datasets.list,finance.ons.datasets_list,finance,ons,datasets_list
ons.stats.cpih,ons.stats.cpih,finance.ons.stats_cpih,finance,ons,stats_cpih
ons.stats.gdp,ons.stats.gdp,finance.ons.stats_gdp,finance,ons,stats_gdp
ons.stats.unemployment,ons.stats.unemployment,finance.ons.stats_unemployment,finance,ons,stats_unemployment
ons.stats.population,ons.stats.population,finance.ons.stats_population,finance,ons,stats_population
comtrade.trade_data,comtrade.trade.query,world.comtrade.trade_data,world,comtrade,trade_data
comtrade.availability,comtrade.trade.availability,world.comtrade.availability,world,comtrade,availability
comtrade.metadata,comtrade.trade.metadata,world.comtrade.metadata,world,comtrade,metadata
comtrade.reporters,comtrade.reference.reporters,world.comtrade.reporters,world,comtrade,reporters
lmpr.cattle_slaughter_prices,lmpr.cattle.slaughter_prices,world.lmpr.cattle_slaughter_prices,world,lmpr,cattle_slaughter_prices
lmpr.hog_slaughter_prices,lmpr.hog.slaughter_prices,world.lmpr.hog_slaughter_prices,world,lmpr,hog_slaughter_prices
lmpr.boxed_beef_cutout,lmpr.beef.boxed_cutout,world.lmpr.boxed_beef_cutout,world,lmpr,boxed_beef_cutout
lmpr.dairy_product_prices,lmpr.dairy.product_prices,world.lmpr.dairy_product_prices,world,lmpr,dairy_product_prices
lmpr.lamb_carcass_cutout,lmpr.lamb.carcass_cutout,world.lmpr.lamb_carcass_cutout,world,lmpr,lamb_carcass_cutout
treasurydirect.auction_results,treasurydirect.auction.results,finance.treasurydirect.auction_results,finance,treasurydirect,auction_results
treasurydirect.upcoming_auctions,treasurydirect.auction.upcoming,finance.treasurydirect.upcoming_auctions,finance,treasurydirect,upcoming_auctions
treasurydirect.search_cusip,treasurydirect.securities.search,finance.treasurydirect.search_cusip,finance,treasurydirect,search_cusip
treasurydirect.tips_rates,treasurydirect.rates.tips,finance.treasurydirect.tips_rates,finance,treasurydirect,tips_rates
opentopo.elevation_point,opentopo.elevation.point,world.opentopo.elevation_point,world,opentopo,elevation_point
opentopo.elevation_area,opentopo.elevation.area,world.opentopo.elevation_area,world,opentopo,elevation_area
opentopo.lidar_catalog,opentopo.catalog.lidar,world.opentopo.lidar_catalog,world,opentopo,lidar_catalog
opentopo.dem_catalog,opentopo.catalog.dem,world.opentopo.dem_catalog,world,opentopo,dem_catalog
oecd.economy.gdp,oecd.economy.gdp,finance.oecd.economy_gdp,finance,oecd,economy_gdp
oecd.economy.unemployment,oecd.economy.unemployment,finance.oecd.economy_unemployment,finance,oecd,economy_unemployment
oecd.economy.inflation,oecd.economy.inflation,finance.oecd.economy_inflation,finance,oecd,economy_inflation
oecd.environment.emissions,oecd.environment.emissions,finance.oecd.environment_emissions,finance,oecd,environment_emissions
oecd.economy.trade,oecd.economy.trade,finance.oecd.economy_trade,finance,oecd,economy_trade
statcan.catalogue_search,statcan.catalogue.search,world.statcan.catalogue_search,world,statcan,catalogue_search
statcan.table_metadata,statcan.table.metadata,world.statcan.table_metadata,world,statcan,table_metadata
statcan.series_info,statcan.series.info,world.statcan.series_info,world,statcan,series_info
statcan.series_data,statcan.series.data,world.statcan.series_data,world,statcan,series_data
statcan.table_data,statcan.table.data,world.statcan.table_data,world,statcan,table_data
fbi.national_offenses,fbi.crime.national_offenses,legal.fbi.national_offenses,legal,fbi,national_offenses
fbi.state_offenses,fbi.crime.state_offenses,legal.fbi.state_offenses,legal,fbi,state_offenses
fbi.national_annual,fbi.crime.national_annual,legal.fbi.national_annual,legal,fbi,national_annual
fbi.state_annual,fbi.crime.state_annual,legal.fbi.state_annual,legal,fbi,state_annual
swissnbm.fx_rates,swissnbm.fx.rates,finance.swissnbm.fx_rates,finance,swissnbm,fx_rates
swissnbm.policy_rate,swissnbm.rates.policy,finance.swissnbm.policy_rate,finance,swissnbm,policy_rate
swissnbm.saron_rates,swissnbm.rates.saron,finance.swissnbm.saron_rates,finance,swissnbm,saron_rates
swissnbm.monetary_aggregates,swissnbm.money.aggregates,finance.swissnbm.monetary_aggregates,finance,swissnbm,monetary_aggregates
eurostat2.fertility,eurostat2.demographics.fertility,world.eurostat2.fertility,world,eurostat2,fertility
eurostat2.ghg_emissions,eurostat2.environment.ghg,world.eurostat2.ghg_emissions,world,eurostat2,ghg_emissions
eurostat2.rd_spending,eurostat2.innovation.rd,world.eurostat2.rd_spending,world,eurostat2,rd_spending
eurostat2.renewable_energy,eurostat2.energy.renewable,world.eurostat2.renewable_energy,world,eurostat2,renewable_energy
eurostat2.youth_employment,eurostat2.employment.youth,world.eurostat2.youth_employment,world,eurostat2,youth_employment
abr.abn_lookup,abr.business.abn_lookup,business.abr.abn_lookup,business,abr,abn_lookup
abr.acn_lookup,abr.business.acn_lookup,business.abr.acn_lookup,business,abr,acn_lookup
abr.name_search,abr.business.name_search,business.abr.name_search,business,abr,name_search
banxico.fx.fix_rate,banxico.fx.fix_rate,finance.banxico.fx_fix_rate,finance,banxico,fx_fix_rate
banxico.fx.rates,banxico.fx.rates,finance.banxico.fx_rates,finance,banxico,fx_rates
banxico.rates.target,banxico.rates.target,finance.banxico.rates_target,finance,banxico,rates_target
banxico.rates.tiie,banxico.rates.tiie,finance.banxico.rates_tiie,finance,banxico,rates_tiie
banxico.inflation.cpi,banxico.inflation.cpi,finance.banxico.inflation_cpi,finance,banxico,inflation_cpi
bea.gdp,bea.national.gdp,finance.bea.gdp,finance,bea,gdp
bea.personal_income,bea.national.personal_income,finance.bea.personal_income,finance,bea,personal_income
bea.trade_balance,bea.international.trade_balance,finance.bea.trade_balance,finance,bea,trade_balance
bea.state_gdp,bea.regional.state_gdp,finance.bea.state_gdp,finance,bea,state_gdp
bea.industry_gdp,bea.industry.value_added,finance.bea.industry_gdp,finance,bea,industry_gdp
africa.countries.list,africa.countries.list,world.africa.countries_list,world,africa,countries_list
africa.countries.signals,africa.countries.signals,world.africa.countries_signals,world,africa,countries_signals
africa.markets.fx_rates,africa.markets.fx_rates,world.africa.markets_fx_rates,world,africa,markets_fx_rates
africa.data.indicator,africa.data.indicator,world.africa.data_indicator,world,africa,data_indicator
africa.politics.elections,africa.politics.elections,world.africa.politics_elections,world,africa,politics_elections
hf_inference.sentiment,hf_inference.nlp.sentiment,developer.hf_inference.sentiment,developer,hf_inference,sentiment
hf_inference.ner,hf_inference.nlp.ner,developer.hf_inference.ner,developer,hf_inference,ner
hf_inference.zero_shot,hf_inference.nlp.zero_shot,developer.hf_inference.zero_shot,developer,hf_inference,zero_shot
hf_inference.translate,hf_inference.nlp.translate,developer.hf_inference.translate,developer,hf_inference,translate
unhabitat.transport_access,unhabitat.urban.transport_access,world.unhabitat.transport_access,world,unhabitat,transport_access
unhabitat.land_consumption,unhabitat.urban.land_consumption,world.unhabitat.land_consumption,world,unhabitat,land_consumption
unhabitat.open_spaces,unhabitat.urban.open_spaces,world.unhabitat.open_spaces,world,unhabitat,open_spaces
unhabitat.city_budget,unhabitat.urban.city_budget,world.unhabitat.city_budget,world,unhabitat,city_budget
cordis.project_search,cordis.research.project_search,education.cordis.project_search,education,cordis,project_search
cordis.project_details,cordis.research.project_details,education.cordis.project_details,education,cordis,project_details
cordis.organisation_search,cordis.research.organisation_search,education.cordis.organisation_search,education,cordis,organisation_search
cordis.project_publications,cordis.research.project_publications,education.cordis.project_publications,education,cordis,project_publications
hf_inference.summarize,hf_inference.nlp.summarize,developer.hf_inference.summarize,developer,hf_inference,summarize
irena.capacity_country,irena.energy.capacity_country,world.irena.capacity_country,world,irena,capacity_country
irena.generation_country,irena.energy.generation_country,world.irena.generation_country,world,irena,generation_country
irena.capacity_region,irena.energy.capacity_region,world.irena.capacity_region,world,irena,capacity_region
irena.share_renewables,irena.energy.share_renewables,world.irena.share_renewables,world,irena,share_renewables
doaj.journal_search,doaj.journals.search,education.doaj.journal_search,education,doaj,journal_search
doaj.journal_detail,doaj.journals.detail,education.doaj.journal_detail,education,doaj,journal_detail
doaj.article_search,doaj.articles.search,education.doaj.article_search,education,doaj,article_search
doaj.article_detail,doaj.articles.detail,education.doaj.article_detail,education,doaj,article_detail
clevelandart.artwork_search,clevelandart.artwork.search,media.clevelandart.artwork_search,media,clevelandart,artwork_search
clevelandart.artwork_detail,clevelandart.artwork.detail,media.clevelandart.artwork_detail,media,clevelandart,artwork_detail
clevelandart.creator_search,clevelandart.creator.search,media.clevelandart.creator_search,media,clevelandart,creator_search
clevelandart.exhibition_search,clevelandart.exhibition.search,media.clevelandart.exhibition_search,media,clevelandart,exhibition_search
uniprot.protein_search,science.uniprot.search,health.uniprot.protein_search,health,uniprot,protein_search
uniprot.protein_entry,science.uniprot.entry,health.uniprot.protein_entry,health,uniprot,protein_entry
uniprot.protein_features,science.uniprot.features,health.uniprot.protein_features,health,uniprot,protein_features
uniprot.taxonomy,science.uniprot.taxonomy,health.uniprot.taxonomy,health,uniprot,taxonomy
biomodels.model.search,biomodels.model.search,health.biomodels.model_search,health,biomodels,model_search
biomodels.model.detail,biomodels.model.detail,health.biomodels.model_detail,health,biomodels,model_detail
biomodels.model.files,biomodels.model.files,health.biomodels.model_files,health,biomodels,model_files
openmeteoaq.current,openmeteoaq.air.current,weather.openmeteoaq.current,weather,openmeteoaq,current
openmeteoaq.forecast,openmeteoaq.air.forecast,weather.openmeteoaq.forecast,weather,openmeteoaq,forecast
openmeteoaq.historical,openmeteoaq.air.historical,weather.openmeteoaq.historical,weather,openmeteoaq,historical
openmeteoaq.pollen,openmeteoaq.air.pollen,weather.openmeteoaq.pollen,weather,openmeteoaq,pollen
biomodels.model.latest,biomodels.model.latest,health.biomodels.model_latest,health,biomodels,model_latest
volcano.monitored,volcano.status.monitored,world.volcano.monitored,world,volcano,monitored
volcano.elevated,volcano.status.elevated,world.volcano.elevated,world,volcano,elevated
volcano.cap_alerts,volcano.alerts.cap,world.volcano.cap_alerts,world,volcano,cap_alerts
volcano.us_catalog,volcano.catalog.us,world.volcano.us_catalog,world,volcano,us_catalog
volcano.detail,volcano.catalog.detail,world.volcano.detail,world,volcano,detail
volcano.latest_notice,volcano.notices.latest,world.volcano.latest_notice,world,volcano,latest_notice
nwis.daily_values,nwis.streamflow.daily_values,world.nwis.daily_values,world,nwis,daily_values
nwis.annual_stats,nwis.streamflow.annual_stats,world.nwis.annual_stats,world,nwis,annual_stats
nwis.basin_conditions,nwis.streamflow.basin_conditions,world.nwis.basin_conditions,world,nwis,basin_conditions
nwis.site_info,nwis.streamflow.site_info,world.nwis.site_info,world,nwis,site_info
who.indicator_search,who.health.indicator_search,health.who.indicator_search,health,who,indicator_search
who.indicator_data,who.health.indicator_data,health.who.indicator_data,health,who,indicator_data
who.country_health,who.health.country_data,health.who.country_health,health,who,country_health
who.dimension_values,who.health.dimension_values,health.who.dimension_values,health,who,dimension_values
icd11.search,icd11.disease.search,health.icd11.search,health,icd11,search
icd11.lookup,icd11.disease.lookup,health.icd11.lookup,health,icd11,lookup
icd11.autocomplete,icd11.disease.autocomplete,health.icd11.autocomplete,health,icd11,autocomplete
icd11.primary_search,icd11.disease.primary_search,health.icd11.primary_search,health,icd11,primary_search
delphi.fluview,delphi.flu.fluview,health.delphi.fluview,health,delphi,fluview
delphi.flusurv,delphi.flu.flusurv,health.delphi.flusurv,health,delphi,flusurv
delphi.covidcast,delphi.covid.covidcast,health.delphi.covidcast,health,delphi,covidcast
delphi.covid_hosp,delphi.covid.hospitalization,health.delphi.covid_hosp,health,delphi,covid_hosp
cms.hospital_search,cms.hospital.search,health.cms.hospital_search,health,cms,hospital_search
cms.nursing_home_search,cms.nursing_home.search,health.cms.nursing_home_search,health,cms,nursing_home_search
cms.home_health_search,cms.home_health.search,health.cms.home_health_search,health,cms,home_health_search
cms.dialysis_search,cms.dialysis.search,health.cms.dialysis_search,health,cms,dialysis_search
cpsc.search,cpsc.safety.search,world.cpsc.search,world,cpsc,search
cpsc.detail,cpsc.safety.detail,world.cpsc.detail,world,cpsc,detail
cpsc.recent,cpsc.safety.recent,world.cpsc.recent,world,cpsc,recent
cpsc.by_manufacturer,cpsc.safety.by_manufacturer,world.cpsc.by_manufacturer,world,cpsc,by_manufacturer
nrc.current_status,nrc.reactor.current_status,world.nrc.current_status,world,nrc,current_status
nrc.reactor_history,nrc.reactor.history,world.nrc.reactor_history,world,nrc,reactor_history
nrc.outages,nrc.reactor.outages,world.nrc.outages,world,nrc,outages
nrc.annual_data,nrc.reactor.annual_data,world.nrc.annual_data,world,nrc,annual_data
bts.border_crossings,bts.borders.crossings,world.bts.border_crossings,world,bts,border_crossings
bts.tsi,bts.transport.tsi,world.bts.tsi,world,bts,tsi
bts.freight_indicators,bts.freight.indicators,world.bts.freight_indicators,world,bts,freight_indicators
bts.aviation_traffic,bts.aviation.traffic,world.bts.aviation_traffic,world,bts,aviation_traffic
cdc_chronic.indicators,cdc_chronic.disease.indicators,health.cdc_chronic.indicators,health,cdc_chronic,indicators
cdc_chronic.topics,cdc_chronic.disease.topics,health.cdc_chronic.topics,health,cdc_chronic,topics
cdc_chronic.state_compare,cdc_chronic.disease.state_compare,health.cdc_chronic.state_compare,health,cdc_chronic,state_compare
cdc_chronic.trend,cdc_chronic.disease.trend,health.cdc_chronic.trend,health,cdc_chronic,trend
opensky.states_bbox,opensky.traffic.states_bbox,travel.opensky.states_bbox,travel,opensky,states_bbox
opensky.aircraft_state,opensky.traffic.aircraft_state,travel.opensky.aircraft_state,travel,opensky,aircraft_state
opensky.states_country,opensky.traffic.states_country,travel.opensky.states_country,travel,opensky,states_country
opensky.aircraft_track,opensky.traffic.aircraft_track,travel.opensky.aircraft_track,travel,opensky,aircraft_track
coops.predictions,coops.tides.predictions,weather.coops.predictions,weather,coops,predictions
coops.water_level,coops.tides.water_level,weather.coops.water_level,weather,coops,water_level
coops.stations,coops.tides.stations,weather.coops.stations,weather,coops,stations
coops.conditions,coops.tides.conditions,weather.coops.conditions,weather,coops,conditions
tfl.line_status,tfl.transit.line_status,travel.tfl.line_status,travel,tfl,line_status
tfl.arrivals,tfl.transit.arrivals,travel.tfl.arrivals,travel,tfl,arrivals
tfl.journey_plan,tfl.transit.journey_plan,travel.tfl.journey_plan,travel,tfl,journey_plan
tfl.bike_points,tfl.transit.bike_points,travel.tfl.bike_points,travel,tfl,bike_points
nbi.search,nbi.infrastructure.search,infrastructure.nbi.search,infrastructure,nbi,search
nbi.bridge_detail,nbi.infrastructure.bridge_detail,infrastructure.nbi.bridge_detail,infrastructure,nbi,bridge_detail
nbi.nearby,nbi.infrastructure.nearby,infrastructure.nbi.nearby,infrastructure,nbi,nearby
nbi.condition_stats,nbi.infrastructure.condition_stats,infrastructure.nbi.condition_stats,infrastructure,nbi,condition_stats
brightsky.current,brightsky.weather.current,weather.brightsky.current,weather,brightsky,current
brightsky.observations,brightsky.weather.observations,weather.brightsky.observations,weather,brightsky,observations
brightsky.alerts,brightsky.weather.alerts,weather.brightsky.alerts,weather,brightsky,alerts
brightsky.stations,brightsky.stations.nearby,weather.brightsky.stations,weather,brightsky,stations
statfin.consumer_price_index,statfin.economy.consumer_price_index,finance.statfin.consumer_price_index,finance,statfin,consumer_price_index
statfin.population,statfin.demographics.population,finance.statfin.population,finance,statfin,population
statfin.unemployment,statfin.economy.unemployment,finance.statfin.unemployment,finance,statfin,unemployment
statfin.table_search,statfin.statistics.table_search,finance.statfin.table_search,finance,statfin,table_search
dbnomics.providers,dbnomics.data.providers,finance.dbnomics.providers,finance,dbnomics,providers
dbnomics.datasets,dbnomics.data.datasets,finance.dbnomics.datasets,finance,dbnomics,datasets
dbnomics.series,dbnomics.data.series,finance.dbnomics.series,finance,dbnomics,series
dbnomics.fetch_series,dbnomics.data.fetch_series,finance.dbnomics.fetch_series,finance,dbnomics,fetch_series
smhi.forecast,smhi.weather.forecast,weather.smhi.forecast,weather,smhi,forecast
smhi.fire_risk,smhi.weather.fire_risk,weather.smhi.fire_risk,weather,smhi,fire_risk
smhi.warnings,smhi.weather.warnings,weather.smhi.warnings,weather,smhi,warnings
smhi.observations,smhi.weather.observations,weather.smhi.observations,weather,smhi,observations
dpla.items.search,dpla.archives.search,media.dpla.items_search,media,dpla,items_search
dpla.items.detail,dpla.archives.detail,media.dpla.items_detail,media,dpla,items_detail
dpla.items.by_subject,dpla.archives.by_subject,media.dpla.items_by_subject,media,dpla,items_by_subject
dpla.items.facets,dpla.archives.facets,media.dpla.items_facets,media,dpla,items_facets
aviationweather.metar,aviationweather.observation.metar,weather.aviationweather.metar,weather,aviationweather,metar
aviationweather.taf,aviationweather.forecast.taf,weather.aviationweather.taf,weather,aviationweather,taf
aviationweather.pirep,aviationweather.observation.pirep,weather.aviationweather.pirep,weather,aviationweather,pirep
aviationweather.stations,aviationweather.reference.stations,weather.aviationweather.stations,weather,aviationweather,stations
obis.occurrence_search,obis.marine.occurrence_search,education.obis.occurrence_search,education,obis,occurrence_search
obis.taxon_search,obis.marine.taxon_search,education.obis.taxon_search,education,obis,taxon_search
obis.checklist,obis.marine.checklist,education.obis.checklist,education,obis,checklist
obis.dataset_search,obis.marine.dataset_search,education.obis.dataset_search,education,obis,dataset_search
echo.facility_search,echo.compliance.facility_search,world.echo.facility_search,world,echo,facility_search
echo.facility_detail,echo.compliance.facility_detail,world.echo.facility_detail,world,echo,facility_detail
echo.air_facilities,echo.compliance.air_facilities,world.echo.air_facilities,world,echo,air_facilities
echo.violations,echo.compliance.violations,world.echo.violations,world,echo,violations
nasa-cmr.search_collections,nasa-cmr.datasets.search,space.nasa-cmr.search_collections,space,nasa-cmr,search_collections
nasa-cmr.collection_detail,nasa-cmr.datasets.detail,space.nasa-cmr.collection_detail,space,nasa-cmr,collection_detail
nasa-cmr.search_granules,nasa-cmr.granules.search,space.nasa-cmr.search_granules,space,nasa-cmr,search_granules
chembl.molecule_search,chembl.molecules.search,health.chembl.molecule_search,health,chembl,molecule_search
chembl.molecule_detail,chembl.molecules.detail,health.chembl.molecule_detail,health,chembl,molecule_detail
chembl.target_search,chembl.targets.search,health.chembl.target_search,health,chembl,target_search
chembl.bioactivity,chembl.activity.bioactivity,health.chembl.bioactivity,health,chembl,bioactivity
nasa-cmr.list_providers,nasa-cmr.providers.list,space.nasa-cmr.list_providers,space,nasa-cmr,list_providers
medlineplus.icd10_lookup,medlineplus.clinical.icd10_lookup,health.medlineplus.icd10_lookup,health,medlineplus,icd10_lookup
medlineplus.icd9_lookup,medlineplus.clinical.icd9_lookup,health.medlineplus.icd9_lookup,health,medlineplus,icd9_lookup
medlineplus.snomed_lookup,medlineplus.clinical.snomed_lookup,health.medlineplus.snomed_lookup,health,medlineplus,snomed_lookup
medlineplus.rxnorm_lookup,medlineplus.clinical.rxnorm_lookup,health.medlineplus.rxnorm_lookup,health,medlineplus,rxnorm_lookup
orphadata.disease_lookup,orphadata.raredisease.disease_lookup,health.orphadata.disease_lookup,health,orphadata,disease_lookup
orphadata.disease_epidemiology,orphadata.raredisease.disease_epidemiology,health.orphadata.disease_epidemiology,health,orphadata,disease_epidemiology
orphadata.disease_phenotypes,orphadata.raredisease.disease_phenotypes,health.orphadata.disease_phenotypes,health,orphadata,disease_phenotypes
orphadata.disease_natural_history,orphadata.raredisease.disease_natural_history,health.orphadata.disease_natural_history,health,orphadata,disease_natural_history
cbs.catalog_search,cbs.catalog.search,world.cbs.catalog_search,world,cbs,catalog_search
cbs.table_info,cbs.table.info,world.cbs.table_info,world,cbs,table_info
cbs.table_properties,cbs.table.properties,world.cbs.table_properties,world,cbs,table_properties
cbs.table_data,cbs.table.data,world.cbs.table_data,world,cbs,table_data
adbkidb.dataflows_list,adbkidb.explore.dataflows,finance.adbkidb.dataflows_list,finance,adbkidb,dataflows_list
adbkidb.indicators,adbkidb.explore.indicators,finance.adbkidb.indicators,finance,adbkidb,indicators
adbkidb.data,adbkidb.data.query,finance.adbkidb.data,finance,adbkidb,data
adbkidb.economies,adbkidb.explore.economies,finance.adbkidb.economies,finance,adbkidb,economies
opentdb.questions,opentdb.trivia.questions,entertainment.opentdb.questions,entertainment,opentdb,questions
opentdb.categories,opentdb.trivia.categories,entertainment.opentdb.categories,entertainment,opentdb,categories
opentdb.category_count,opentdb.trivia.category_count,entertainment.opentdb.category_count,entertainment,opentdb,category_count
opentdb.global_count,opentdb.trivia.global_count,entertainment.opentdb.global_count,entertainment,opentdb,global_count
f1.races.schedule,f1.races.schedule,entertainment.f1.races_schedule,entertainment,f1,races_schedule
f1.races.results,f1.races.results,entertainment.f1.races_results,entertainment,f1,races_results
f1.standings.drivers,f1.standings.drivers,entertainment.f1.standings_drivers,entertainment,f1,standings_drivers
f1.standings.constructors,f1.standings.constructors,entertainment.f1.standings_constructors,entertainment,f1,standings_constructors
thesportsdb.team_search,thesportsdb.teams.search,entertainment.thesportsdb.team_search,entertainment,thesportsdb,team_search
thesportsdb.player_search,thesportsdb.players.search,entertainment.thesportsdb.player_search,entertainment,thesportsdb,player_search
thesportsdb.events_past,thesportsdb.events.past,entertainment.thesportsdb.events_past,entertainment,thesportsdb,events_past
thesportsdb.events_next,thesportsdb.events.next,entertainment.thesportsdb.events_next,entertainment,thesportsdb,events_next
eurlex.legislation.search,eurlex.legislation.search,legal.eurlex.legislation_search,legal,eurlex,legislation_search
eurlex.legislation.recent,eurlex.legislation.recent,legal.eurlex.legislation_recent,legal,eurlex,legislation_recent
eurlex.legislation.detail,eurlex.legislation.detail,legal.eurlex.legislation_detail,legal,eurlex,legislation_detail
eurlex.legislation.by_type,eurlex.legislation.by_type,legal.eurlex.legislation_by_type,legal,eurlex,legislation_by_type
eu_parliament.meps.list,eu_parliament.meps.list,legal.eu_parliament.meps_list,legal,eu_parliament,meps_list
eu_parliament.meps.details,eu_parliament.meps.details,legal.eu_parliament.meps_details,legal,eu_parliament,meps_details
eu_parliament.legislation.adopted_texts,eu_parliament.legislation.adopted_texts,legal.eu_parliament.legislation_adopted_texts,legal,eu_parliament,legislation_adopted_texts
eu_parliament.legislation.procedures,eu_parliament.legislation.procedures,legal.eu_parliament.legislation_procedures,legal,eu_parliament,legislation_procedures
ukleg.legislation.search,ukleg.legislation.search,legal.ukleg.legislation_search,legal,ukleg,legislation_search
ukleg.legislation.details,ukleg.legislation.details,legal.ukleg.legislation_details,legal,ukleg,legislation_details
ukleg.legislation.recent,ukleg.legislation.recent,legal.ukleg.legislation_recent,legal,ukleg,legislation_recent
ukleg.legislation.sections,ukleg.legislation.sections,legal.ukleg.legislation_sections,legal,ukleg,legislation_sections
ofac.sdn.search,ofac.sdn.search,legal.ofac.sdn_search,legal,ofac,sdn_search
ofac.sdn.aliases,ofac.sdn.aliases,legal.ofac.sdn_aliases,legal,ofac,sdn_aliases
ofac.meta.programs,ofac.meta.programs,legal.ofac.meta_programs,legal,ofac,meta_programs
ofac.meta.publication_info,ofac.meta.publication_info,legal.ofac.meta_publication_info,legal,ofac,meta_publication_info
p2pquake.recent_quakes,p2pquake.seismic.recent_quakes,world.p2pquake.recent_quakes,world,p2pquake,recent_quakes
p2pquake.tsunami_warnings,p2pquake.seismic.tsunami_warnings,world.p2pquake.tsunami_warnings,world,p2pquake,tsunami_warnings
p2pquake.quake_history,p2pquake.seismic.quake_history,world.p2pquake.quake_history,world,p2pquake,quake_history
postcode-japan.lookup,postcode-japan.postal.lookup,location.postcode-japan.lookup,location,postcode-japan,lookup
postcode-japan.search,postcode-japan.postal.search,location.postcode-japan.search,location,postcode-japan,search
postcode-japan.prefectures,postcode-japan.reference.prefectures,location.postcode-japan.prefectures,location,postcode-japan,prefectures
jma-bosai.forecast,jma-bosai.weather.forecast,weather.jma-bosai.forecast,weather,jma-bosai,forecast
jma-bosai.overview,jma-bosai.weather.overview,weather.jma-bosai.overview,weather,jma-bosai,overview
jma-bosai.warnings,jma-bosai.weather.warnings,weather.jma-bosai.warnings,weather,jma-bosai,warnings
jma-bosai.earthquakes,jma-bosai.seismic.recent,weather.jma-bosai.earthquakes,weather,jma-bosai,earthquakes
jma-bosai.areas,jma-bosai.reference.areas,weather.jma-bosai.areas,weather,jma-bosai,areas
destatis.gdp,destatis.finance.gdp,finance.destatis.gdp,finance,destatis,gdp
destatis.population,destatis.reference.population,finance.destatis.population,finance,destatis,population
destatis.prices,destatis.finance.cpi,finance.destatis.prices,finance,destatis,prices
destatis.trade,destatis.finance.trade,finance.destatis.trade,finance,destatis,trade
ecb-rates.key_rates,ecb-rates.policy.key_rates,finance.ecb-rates.key_rates,finance,ecb-rates,key_rates
ecb-rates.hicp_inflation,ecb-rates.macro.hicp_inflation,finance.ecb-rates.hicp_inflation,finance,ecb-rates,hicp_inflation
ecb-rates.money_supply,ecb-rates.macro.money_supply,finance.ecb-rates.money_supply,finance,ecb-rates,money_supply
ecb-rates.yield_curve,ecb-rates.macro.yield_curve,finance.ecb-rates.yield_curve,finance,ecb-rates,yield_curve
ine.operations,ine.reference.operations,finance.ine.operations,finance,ine,operations
ine.tables,ine.reference.tables,finance.ine.tables,finance,ine,tables
ine.series_metadata,ine.series.metadata,finance.ine.series_metadata,finance,ine,series_metadata
ine.series_data,ine.series.data,finance.ine.series_data,finance,ine,series_data
ine-chile.dataflows,ine-chile.reference.dataflows,finance.ine-chile.dataflows,finance,ine-chile,dataflows
ine-chile.structure,ine-chile.reference.structure,finance.ine-chile.structure,finance,ine-chile,structure
ine-chile.data,ine-chile.series.data,finance.ine-chile.data,finance,ine-chile,data
crossref.works_search,crossref.works.search,education.crossref.works_search,education,crossref,works_search
crossref.journal_lookup,crossref.journals.lookup,education.crossref.journal_lookup,education,crossref,journal_lookup
crossref.funder_search,crossref.funders.search,education.crossref.funder_search,education,crossref,funder_search
crossref.member_search,crossref.members.search,education.crossref.member_search,education,crossref,member_search
unpaywall.oa_lookup,unpaywall.oa.lookup,education.unpaywall.oa_lookup,education,unpaywall,oa_lookup
wikimedia-commons.search,wikimedia-commons.media.search,media.wikimedia-commons.search,media,wikimedia-commons,search
wikimedia-commons.file_info,wikimedia-commons.media.info,media.wikimedia-commons.file_info,media,wikimedia-commons,file_info
wikimedia-commons.category_files,wikimedia-commons.media.category,media.wikimedia-commons.category_files,media,wikimedia-commons,category_files
wikimedia-commons.random,wikimedia-commons.media.random,media.wikimedia-commons.random,media,wikimedia-commons,random
standard-ebooks.search,standard-ebooks.books.search,education.standard-ebooks.search,education,standard-ebooks,search
standard-ebooks.new_releases,standard-ebooks.books.new_releases,education.standard-ebooks.new_releases,education,standard-ebooks,new_releases
indec-georef.geocode,indec-georef.location.geocode,location.indec-georef.geocode,location,indec-georef,geocode
indec-georef.reverse_geocode,indec-georef.location.reverse_geocode,location.indec-georef.reverse_geocode,location,indec-georef,reverse_geocode
indec-georef.provincias,indec-georef.admin.provinces,location.indec-georef.provincias,location,indec-georef,provincias
indec-georef.departamentos,indec-georef.admin.departments,location.indec-georef.departamentos,location,indec-georef,departamentos
indec-georef.localidades,indec-georef.admin.localities,location.indec-georef.localidades,location,indec-georef,localidades
enviroatlas.communities,enviroatlas.communities.list,world.enviroatlas.communities,world,enviroatlas,communities
enviroatlas.block_group_metrics,enviroatlas.metrics.block_group,world.enviroatlas.block_group_metrics,world,enviroatlas,block_group_metrics
enviroatlas.community_summary,enviroatlas.metrics.community_summary,world.enviroatlas.community_summary,world,enviroatlas,community_summary
federalregister.search,federalregister.documents.search,legal.federalregister.search,legal,federalregister,search
federalregister.document,federalregister.documents.detail,legal.federalregister.document,legal,federalregister,document
federalregister.agencies,federalregister.agencies.search,legal.federalregister.agencies,legal,federalregister,agencies
federalregister.public_inspection,federalregister.documents.public_inspection,legal.federalregister.public_inspection,legal,federalregister,public_inspection
ensembl.gene_lookup,science.ensembl.gene_lookup,health.ensembl.gene_lookup,health,ensembl,gene_lookup
ensembl.sequence_region,science.ensembl.sequence_region,health.ensembl.sequence_region,health,ensembl,sequence_region
cve-mitre.record,cve-mitre.cves.record,developer.cve-mitre.record,developer,cve-mitre,record
cve-mitre.id_status,cve-mitre.cves.id_status,developer.cve-mitre.id_status,developer,cve-mitre,id_status
usgs-mrds.search_by_area,usgs-mrds.deposits.search_by_area,world.usgs-mrds.search_by_area,world,usgs-mrds,search_by_area
paleoclimate.study_search,paleoclimate.study.search,weather.paleoclimate.study_search,weather,paleoclimate,study_search
paleoclimate.study_detail,paleoclimate.study.detail,weather.paleoclimate.study_detail,weather,paleoclimate,study_detail
plos-search.search,plos-search.article.search,education.plos-search.search,education,plos-search,search
plos-search.article_detail,plos-search.article.detail,education.plos-search.article_detail,education,plos-search,article_detail
nsf-awards.search,nsf-awards.grants.search,education.nsf-awards.search,education,nsf-awards,search
nsf-awards.award_detail,nsf-awards.grants.detail,education.nsf-awards.award_detail,education,nsf-awards,award_detail
usgs-nationalmap.search_products,usgs-nationalmap.products.search,location.usgs-nationalmap.search_products,location,usgs-nationalmap,search_products
usgs-nationalmap.list_datasets,usgs-nationalmap.products.list_datasets,location.usgs-nationalmap.list_datasets,location,usgs-nationalmap,list_datasets
sec-edgar.company_lookup,sec-edgar.company.lookup,finance.sec-edgar.company_lookup,finance,sec-edgar,company_lookup
sec-edgar.filings,sec-edgar.filings.list,finance.sec-edgar.filings,finance,sec-edgar,filings
sec-edgar.financial_concept,sec-edgar.financials.concept,finance.sec-edgar.financial_concept,finance,sec-edgar,financial_concept
usgs-epqs.elevation,usgs-epqs.elevation.point,location.usgs-epqs.elevation,location,usgs-epqs,elevation
cfpb-complaints.search,cfpb-complaints.complaints.search,finance.cfpb-complaints.search,finance,cfpb-complaints,search
cfpb-complaints.trends,cfpb-complaints.complaints.trends,finance.cfpb-complaints.trends,finance,cfpb-complaints,trends
cfpb-complaints.geo_states,cfpb-complaints.complaints.by_state,finance.cfpb-complaints.geo_states,finance,cfpb-complaints,geo_states
emsc.search_earthquakes,emsc.seismic.search,world.emsc.search_earthquakes,world,emsc,search_earthquakes
emsc.event_detail,emsc.seismic.event_detail,world.emsc.event_detail,world,emsc,event_detail
currentuvindex.uv_index,currentuvindex.weather.uv_index,weather.currentuvindex.uv_index,weather,currentuvindex,uv_index
gus-poland.subjects,gus-poland.reference.subjects,world.gus-poland.subjects,world,gus-poland,subjects
gus-poland.variables,gus-poland.reference.variables,world.gus-poland.variables,world,gus-poland,variables
gus-poland.data,gus-poland.series.data,world.gus-poland.data,world,gus-poland,data
inaturalist.taxa_search,inaturalist.taxa.search,world.inaturalist.taxa_search,world,inaturalist,taxa_search
inaturalist.observations_search,inaturalist.observations.search,world.inaturalist.observations_search,world,inaturalist,observations_search
inaturalist.species_counts,inaturalist.observations.species_counts,world.inaturalist.species_counts,world,inaturalist,species_counts
inaturalist.places_search,inaturalist.places.search,world.inaturalist.places_search,world,inaturalist,places_search
figshare.search,figshare.articles.search,education.figshare.search,education,figshare,search
figshare.article_details,figshare.articles.details,education.figshare.article_details,education,figshare,article_details
figshare.categories,figshare.taxonomy.categories,education.figshare.categories,education,figshare,categories
openaire.search,openaire.products.search,education.openaire.search,education,openaire,search
openaire.product_details,openaire.products.details,education.openaire.product_details,education,openaire,product_details
openaire.project_search,openaire.projects.search,education.openaire.project_search,education,openaire,project_search
openaire.organization_search,openaire.organizations.search,education.openaire.organization_search,education,openaire,organization_search
gebco.elevation_point,gebco.elevation.point,world.gebco.elevation_point,world,gebco,elevation_point
gebco.elevation_profile,gebco.elevation.profile,world.gebco.elevation_profile,world,gebco,elevation_profile
ebi-metagenomics.study_search,ebi-metagenomics.studies.search,health.ebi-metagenomics.study_search,health,ebi-metagenomics,study_search
ebi-metagenomics.study_detail,ebi-metagenomics.studies.detail,health.ebi-metagenomics.study_detail,health,ebi-metagenomics,study_detail
ebi-metagenomics.sample_list,ebi-metagenomics.samples.list,health.ebi-metagenomics.sample_list,health,ebi-metagenomics,sample_list
ebi-metagenomics.biome_browse,ebi-metagenomics.biomes.browse,health.ebi-metagenomics.biome_browse,health,ebi-metagenomics,biome_browse
imf.gdp_growth,imf.macro.gdp_growth,finance.imf.gdp_growth,finance,imf,gdp_growth
imf.inflation,imf.macro.inflation,finance.imf.inflation,finance,imf,inflation
imf.fiscal_balance,imf.macro.fiscal_balance,finance.imf.fiscal_balance,finance,imf,fiscal_balance
imf.current_account,imf.macro.current_account,finance.imf.current_account,finance,imf,current_account
ecdc-surveillance.cases_deaths,ecdc-surveillance.covid.cases_deaths,health.ecdc-surveillance.cases_deaths,health,ecdc-surveillance,cases_deaths
ecdc-surveillance.testing_rate,ecdc-surveillance.covid.testing_rate,health.ecdc-surveillance.testing_rate,health,ecdc-surveillance,testing_rate
ecdc-surveillance.hospital_icu,ecdc-surveillance.covid.hospital_icu,health.ecdc-surveillance.hospital_icu,health,ecdc-surveillance,hospital_icu
transport-rest.location_search,transport-rest.transit.search_locations,travel.transport-rest.location_search,travel,transport-rest,location_search
transport-rest.nearby_stops,transport-rest.transit.nearby_stops,travel.transport-rest.nearby_stops,travel,transport-rest,nearby_stops
transport-rest.stop_departures,transport-rest.transit.departures,travel.transport-rest.stop_departures,travel,transport-rest,stop_departures
transport-rest.journey_search,transport-rest.transit.plan_journey,travel.transport-rest.journey_search,travel,transport-rest,journey_search
meteostat.stations_nearby,meteostat.stations.nearby,weather.meteostat.stations_nearby,weather,meteostat,stations_nearby
meteostat.station_info,meteostat.stations.info,weather.meteostat.station_info,weather,meteostat,station_info
meteostat.daily_data,meteostat.observations.daily,weather.meteostat.daily_data,weather,meteostat,daily_data
meteostat.monthly_data,meteostat.observations.monthly,weather.meteostat.monthly_data,weather,meteostat,monthly_data
meteostat.hourly_data,meteostat.observations.hourly,weather.meteostat.hourly_data,weather,meteostat,hourly_data
copernicus-sentinel.search_scenes,copernicus-sentinel.imagery.search,space.copernicus-sentinel.search_scenes,space,copernicus-sentinel,search_scenes
copernicus-sentinel.scene_detail,copernicus-sentinel.imagery.detail,space.copernicus-sentinel.scene_detail,space,copernicus-sentinel,scene_detail
copernicus-sentinel.list_collections,copernicus-sentinel.imagery.collections,space.copernicus-sentinel.list_collections,space,copernicus-sentinel,list_collections
oecd-data.dataflows,oecd-data.reference.dataflows,finance.oecd-data.dataflows,finance,oecd-data,dataflows
oecd-data.structure,oecd-data.reference.structure,finance.oecd-data.structure,finance,oecd-data,structure
oecd-data.data,oecd-data.series.data,finance.oecd-data.data,finance,oecd-data,data
world-bank-cckp.climate_normal,world-bank-cckp.climate.normal,weather.world-bank-cckp.climate_normal,weather,world-bank-cckp,climate_normal
world-bank-cckp.climate_projection,world-bank-cckp.climate.projection,weather.world-bank-cckp.climate_projection,weather,world-bank-cckp,climate_projection
world-bank-cckp.extreme_indices,world-bank-cckp.climate.extremes,weather.world-bank-cckp.extreme_indices,weather,world-bank-cckp,extreme_indices
geoboundaries.boundary.detail,geoboundaries.boundary.detail,location.geoboundaries.boundary_detail,location,geoboundaries,boundary_detail
geoboundaries.boundary.list_countries,geoboundaries.boundary.list_countries,location.geoboundaries.boundary_list_countries,location,geoboundaries,boundary_list_countries
geoboundaries.boundary.available_levels,geoboundaries.boundary.available_levels,location.geoboundaries.boundary_available_levels,location,geoboundaries,boundary_available_levels
wikimedia-analytics.pageviews_aggregate,wikimedia-analytics.pageviews.aggregate,world.wikimedia-analytics.pageviews_aggregate,world,wikimedia-analytics,pageviews_aggregate
wikimedia-analytics.pageviews_top,wikimedia-analytics.pageviews.top,world.wikimedia-analytics.pageviews_top,world,wikimedia-analytics,pageviews_top
wikimedia-analytics.pageviews_per_article,wikimedia-analytics.pageviews.per_article,world.wikimedia-analytics.pageviews_per_article,world,wikimedia-analytics,pageviews_per_article
wikimedia-analytics.edits_aggregate,wikimedia-analytics.edits.aggregate,world.wikimedia-analytics.edits_aggregate,world,wikimedia-analytics,edits_aggregate
bank-of-england.bank_rate,bank-of-england.rates.bank_rate,finance.bank-of-england.bank_rate,finance,bank-of-england,bank_rate
bank-of-england.sonia_rate,bank-of-england.rates.sonia,finance.bank-of-england.sonia_rate,finance,bank-of-england,sonia_rate
bank-of-england.money_supply_m4,bank-of-england.money.m4_growth,finance.bank-of-england.money_supply_m4,finance,bank-of-england,money_supply_m4
bank-of-england.mortgage_rate_2y_fixed,bank-of-england.rates.mortgage_2y_fixed,finance.bank-of-england.mortgage_rate_2y_fixed,finance,bank-of-england,mortgage_rate_2y_fixed
crossref-datacitations.dataset_citations,crossref-datacitations.citations.to_dataset,education.crossref-datacitations.dataset_citations,education,crossref-datacitations,dataset_citations
crossref-datacitations.article_datasets,crossref-datacitations.citations.from_article,education.crossref-datacitations.article_datasets,education,crossref-datacitations,article_datasets
crossref-datacitations.recent_citations,crossref-datacitations.citations.browse,education.crossref-datacitations.recent_citations,education,crossref-datacitations,recent_citations
wikimedia-rest.page_summary,wikimedia-rest.pages.summary,world.wikimedia-rest.page_summary,world,wikimedia-rest,page_summary
wikimedia-rest.search_page,wikimedia-rest.pages.search,world.wikimedia-rest.search_page,world,wikimedia-rest,search_page
wikimedia-rest.on_this_day,wikimedia-rest.feed.on_this_day,world.wikimedia-rest.on_this_day,world,wikimedia-rest,on_this_day
wikimedia-rest.media_list,wikimedia-rest.pages.media_list,world.wikimedia-rest.media_list,world,wikimedia-rest,media_list
freetogame.game_list,freetogame.games.list,entertainment.freetogame.game_list,entertainment,freetogame,game_list
freetogame.game_detail,freetogame.games.detail,entertainment.freetogame.game_detail,entertainment,freetogame,game_detail
freetogame.filter_by_tag,freetogame.games.filter_by_tag,entertainment.freetogame.filter_by_tag,entertainment,freetogame,filter_by_tag
duckduckgo.instant_answer,duckduckgo.search.instant_answer,search.duckduckgo.instant_answer,search,duckduckgo,instant_answer
duckduckgo.related_topics,duckduckgo.search.related_topics,search.duckduckgo.related_topics,search,duckduckgo,related_topics
hdx.dataset_search,hdx.datasets.search,world.hdx.dataset_search,world,hdx,dataset_search
hdx.dataset_detail,hdx.datasets.detail,world.hdx.dataset_detail,world,hdx,dataset_detail
hdx.location_list,hdx.reference.locations,world.hdx.location_list,world,hdx,location_list
hdx.organization_list,hdx.reference.organizations,world.hdx.organization_list,world,hdx,organization_list
global-health-covid.location_search,global-health-covid.epidemiology.location_search,health.global-health-covid.location_search,health,global-health-covid,location_search
global-health-covid.latest_snapshot,global-health-covid.epidemiology.latest_snapshot,health.global-health-covid.latest_snapshot,health,global-health-covid,latest_snapshot
global-health-covid.location_history,global-health-covid.epidemiology.location_history,health.global-health-covid.location_history,health,global-health-covid,location_history
malaria-atlas.parasite_rate_survey,malaria-atlas.epidemiology.parasite_rate_survey,health.malaria-atlas.parasite_rate_survey,health,malaria-atlas,parasite_rate_survey
malaria-atlas.case_estimates,malaria-atlas.epidemiology.case_estimates,health.malaria-atlas.case_estimates,health,malaria-atlas,case_estimates
malaria-atlas.vector_occurrence,malaria-atlas.entomology.vector_occurrence,health.malaria-atlas.vector_occurrence,health,malaria-atlas,vector_occurrence
malaria-atlas.country_list,malaria-atlas.reference.country_list,health.malaria-atlas.country_list,health,malaria-atlas,country_list
open-canada.dataset_search,open-canada.datasets.search,world.open-canada.dataset_search,world,open-canada,dataset_search
open-canada.dataset_detail,open-canada.datasets.detail,world.open-canada.dataset_detail,world,open-canada,dataset_detail
open-canada.subject_list,open-canada.reference.subject_list,world.open-canada.subject_list,world,open-canada,subject_list
open-canada.organization_list,open-canada.reference.organization_list,world.open-canada.organization_list,world,open-canada,organization_list
data-europa.dataset_search,data-europa.datasets.search,world.data-europa.dataset_search,world,data-europa,dataset_search
data-europa.dataset_detail,data-europa.datasets.detail,world.data-europa.dataset_detail,world,data-europa,dataset_detail
data-europa.theme_list,data-europa.reference.theme_list,world.data-europa.theme_list,world,data-europa,theme_list
data-europa.catalogue_list,data-europa.reference.catalogue_list,world.data-europa.catalogue_list,world,data-europa,catalogue_list
macrostrat.columns_search,macrostrat.geology.columns_search,world.macrostrat.columns_search,world,macrostrat,columns_search
macrostrat.units_search,macrostrat.geology.units_search,world.macrostrat.units_search,world,macrostrat,units_search
macrostrat.geologic_map_units,macrostrat.geology.map_units,world.macrostrat.geologic_map_units,world,macrostrat,geologic_map_units
macrostrat.fossils_search,macrostrat.geology.fossils_search,world.macrostrat.fossils_search,world,macrostrat,fossils_search
geodiva.volcano_list,geodiva.geology.volcano_list,world.geodiva.volcano_list,world,geodiva,volcano_list
geodiva.volcano_detail,geodiva.geology.volcano_detail,world.geodiva.volcano_detail,world,geodiva,volcano_detail
geodiva.eruption_search,geodiva.geology.eruption_search,world.geodiva.eruption_search,world,geodiva,eruption_search
launch-library-2.upcoming_launches,launch-library-2.launches.upcoming,space.launch-library-2.upcoming_launches,space,launch-library-2,upcoming_launches
launch-library-2.launch_detail,launch-library-2.launches.detail,space.launch-library-2.launch_detail,space,launch-library-2,launch_detail
launch-library-2.astronaut_search,launch-library-2.astronauts.search,space.launch-library-2.astronaut_search,space,launch-library-2,astronaut_search
launch-library-2.agency_search,launch-library-2.agencies.search,space.launch-library-2.agency_search,space,launch-library-2,agency_search
socrata.dataset_search,socrata.datasets.search,world.socrata.dataset_search,world,socrata,dataset_search
socrata.dataset_metadata,socrata.datasets.detail,world.socrata.dataset_metadata,world,socrata,dataset_metadata
socrata.query_dataset,socrata.datasets.query,world.socrata.query_dataset,world,socrata,query_dataset
ncbi-eutils.taxonomy_search,ncbi-eutils.taxonomy.search,world.ncbi-eutils.taxonomy_search,world,ncbi-eutils,taxonomy_search
ncbi-eutils.taxonomy_summary,ncbi-eutils.taxonomy.summary,world.ncbi-eutils.taxonomy_summary,world,ncbi-eutils,taxonomy_summary
ncbi-eutils.taxonomy_lineage,ncbi-eutils.taxonomy.lineage,world.ncbi-eutils.taxonomy_lineage,world,ncbi-eutils,taxonomy_lineage
hdx-hapi.operational_presence,hdx-hapi.coordination.operational_presence,world.hdx-hapi.operational_presence,world,hdx-hapi,operational_presence
hdx-hapi.humanitarian_needs,hdx-hapi.coordination.humanitarian_needs,world.hdx-hapi.humanitarian_needs,world,hdx-hapi,humanitarian_needs
hdx-hapi.baseline_population,hdx-hapi.geography.baseline_population,world.hdx-hapi.baseline_population,world,hdx-hapi,baseline_population
hdx-hapi.food_security,hdx-hapi.food.security_ipc,world.hdx-hapi.food_security,world,hdx-hapi,food_security
geonet-nz.quake_search,geonet-nz.quakes.search,world.geonet-nz.quake_search,world,geonet-nz,quake_search
geonet-nz.quake_detail,geonet-nz.quakes.detail,world.geonet-nz.quake_detail,world,geonet-nz,quake_detail
geonet-nz.quake_stats,geonet-nz.quakes.stats,world.geonet-nz.quake_stats,world,geonet-nz,quake_stats
geonet-nz.volcano_alert_level,geonet-nz.volcano.alert_level,world.geonet-nz.volcano_alert_level,world,geonet-nz,volcano_alert_level
bgs-ogcapi.geology_bedrock,bgs-ogcapi.geology.bedrock,world.bgs-ogcapi.geology_bedrock,world,bgs-ogcapi,geology_bedrock
bgs-ogcapi.earthquake_search,bgs-ogcapi.hazards.earthquake_search,world.bgs-ogcapi.earthquake_search,world,bgs-ogcapi,earthquake_search
bgs-ogcapi.borehole_search,bgs-ogcapi.geology.borehole_search,world.bgs-ogcapi.borehole_search,world,bgs-ogcapi,borehole_search
bgs-ogcapi.landslide_search,bgs-ogcapi.hazards.landslide_search,world.bgs-ogcapi.landslide_search,world,bgs-ogcapi,landslide_search
ilostat.dataflows,ilostat.reference.dataflows,jobs.ilostat.dataflows,jobs,ilostat,dataflows
ilostat.structure,ilostat.reference.structure,jobs.ilostat.structure,jobs,ilostat,structure
ilostat.data,ilostat.series.data,jobs.ilostat.data,jobs,ilostat,data
au-data-gov.dataset_search,au-data-gov.datasets.search,world.au-data-gov.dataset_search,world,au-data-gov,dataset_search
au-data-gov.dataset_detail,au-data-gov.datasets.detail,world.au-data-gov.dataset_detail,world,au-data-gov,dataset_detail
au-data-gov.subject_list,au-data-gov.reference.subject_list,world.au-data-gov.subject_list,world,au-data-gov,subject_list
au-data-gov.organization_search,au-data-gov.reference.organization_search,world.au-data-gov.organization_search,world,au-data-gov,organization_search
ukhsa-dashboard.browse,ukhsa-dashboard.catalog.browse,health.ukhsa-dashboard.browse,health,ukhsa-dashboard,browse
ukhsa-dashboard.metric_data,ukhsa-dashboard.metrics.data,health.ukhsa-dashboard.metric_data,health,ukhsa-dashboard,metric_data
ea-hydrology.station_search,ea-hydrology.stations.search,weather.ea-hydrology.station_search,weather,ea-hydrology,station_search
ea-hydrology.station_measures,ea-hydrology.stations.measures,weather.ea-hydrology.station_measures,weather,ea-hydrology,station_measures
ea-hydrology.readings_latest,ea-hydrology.readings.latest,weather.ea-hydrology.readings_latest,weather,ea-hydrology,readings_latest
ea-hydrology.readings_range,ea-hydrology.readings.range,weather.ea-hydrology.readings_range,weather,ea-hydrology,readings_range
statbel.list_views,statbel.catalog.list_views,world.statbel.list_views,world,statbel,list_views
statbel.view_data,statbel.catalog.view_data,world.statbel.view_data,world,statbel,view_data
statbel.list_datasources,statbel.catalog.list_datasources,world.statbel.list_datasources,world,statbel,list_datasources
statbel.datasource_detail,statbel.catalog.datasource_detail,world.statbel.datasource_detail,world,statbel,datasource_detail
istat.dataflows,istat.reference.dataflows,finance.istat.dataflows,finance,istat,dataflows
istat.structure,istat.reference.structure,finance.istat.structure,finance,istat,structure
istat.data,istat.series.data,finance.istat.data,finance,istat,data
msc-geomet.climate_stations,msc-geomet.climate.stations,weather.msc-geomet.climate_stations,weather,msc-geomet,climate_stations
msc-geomet.climate_daily,msc-geomet.climate.daily,weather.msc-geomet.climate_daily,weather,msc-geomet,climate_daily
msc-geomet.hydrometric_realtime,msc-geomet.hydrometric.realtime,weather.msc-geomet.hydrometric_realtime,weather,msc-geomet,hydrometric_realtime
msc-geomet.aqhi_observations,msc-geomet.aqhi.observations,weather.msc-geomet.aqhi_observations,weather,msc-geomet,aqhi_observations
ine-portugal.indicator_data,ine-portugal.stats.indicator_data,world.ine-portugal.indicator_data,world,ine-portugal,indicator_data
ine-portugal.indicator_metadata,ine-portugal.stats.indicator_metadata,world.ine-portugal.indicator_metadata,world,ine-portugal,indicator_metadata
bundesbank-timeseries.dataflows,bundesbank-timeseries.reference.dataflows,finance.bundesbank-timeseries.dataflows,finance,bundesbank-timeseries,dataflows
bundesbank-timeseries.structure,bundesbank-timeseries.reference.structure,finance.bundesbank-timeseries.structure,finance,bundesbank-timeseries,structure
bundesbank-timeseries.data,bundesbank-timeseries.series.data,finance.bundesbank-timeseries.data,finance,bundesbank-timeseries,data
ine-spain.operations,ine-spain.reference.operations,finance.ine-spain.operations,finance,ine-spain,operations
ine-spain.tables,ine-spain.reference.tables,finance.ine-spain.tables,finance,ine-spain,tables
ine-spain.table_data,ine-spain.series.table_data,finance.ine-spain.table_data,finance,ine-spain,table_data
ine-spain.series_data,ine-spain.series.data,finance.ine-spain.series_data,finance,ine-spain,series_data
czso.dataset_list,czso.reference.dataset_list,finance.czso.dataset_list,finance,czso,dataset_list
czso.dataset_metadata,czso.reference.dataset_metadata,finance.czso.dataset_metadata,finance,czso,dataset_metadata
czso.dataset_data,czso.series.dataset_data,finance.czso.dataset_data,finance,czso,dataset_data
statistik-austria.dataset_search,statistik-austria.reference.dataset_search,finance.statistik-austria.dataset_search,finance,statistik-austria,dataset_search
statistik-austria.dataset_metadata,statistik-austria.reference.dataset_metadata,finance.statistik-austria.dataset_metadata,finance,statistik-austria,dataset_metadata
statistik-austria.dataset_data,statistik-austria.series.dataset_data,finance.statistik-austria.dataset_data,finance,statistik-austria,dataset_data
statistik-austria.category_codes,statistik-austria.reference.category_codes,finance.statistik-austria.category_codes,finance,statistik-austria,category_codes
hungary-ksh.dataset_search,hungary-ksh.reference.dataset_search,finance.hungary-ksh.dataset_search,finance,hungary-ksh,dataset_search
hungary-ksh.dataset_metadata,hungary-ksh.reference.dataset_metadata,finance.hungary-ksh.dataset_metadata,finance,hungary-ksh,dataset_metadata
hungary-ksh.dataset_data,hungary-ksh.series.dataset_data,finance.hungary-ksh.dataset_data,finance,hungary-ksh,dataset_data
slovakia-statistics.dataset_search,slovakia-statistics.reference.dataset_search,finance.slovakia-statistics.dataset_search,finance,slovakia-statistics,dataset_search
slovakia-statistics.dataset_metadata,slovakia-statistics.reference.dataset_metadata,finance.slovakia-statistics.dataset_metadata,finance,slovakia-statistics,dataset_metadata
slovakia-statistics.dataset_data,slovakia-statistics.series.dataset_data,finance.slovakia-statistics.dataset_data,finance,slovakia-statistics,dataset_data
latvia-statistics.catalog,latvia-statistics.reference.catalog,finance.latvia-statistics.catalog,finance,latvia-statistics,catalog
latvia-statistics.table_metadata,latvia-statistics.reference.table_metadata,finance.latvia-statistics.table_metadata,finance,latvia-statistics,table_metadata
latvia-statistics.table_query,latvia-statistics.series.table_query,finance.latvia-statistics.table_query,finance,latvia-statistics,table_query
iceland-statistics.catalog,iceland-statistics.reference.catalog,finance.iceland-statistics.catalog,finance,iceland-statistics,catalog
iceland-statistics.table_metadata,iceland-statistics.reference.table_metadata,finance.iceland-statistics.table_metadata,finance,iceland-statistics,table_metadata
iceland-statistics.table_query,iceland-statistics.series.table_query,finance.iceland-statistics.table_query,finance,iceland-statistics,table_query
estonia-statistics.catalog,estonia-statistics.reference.catalog,finance.estonia-statistics.catalog,finance,estonia-statistics,catalog
estonia-statistics.table_metadata,estonia-statistics.reference.table_metadata,finance.estonia-statistics.table_metadata,finance,estonia-statistics,table_metadata
estonia-statistics.table_query,estonia-statistics.series.table_query,finance.estonia-statistics.table_query,finance,estonia-statistics,table_query
estat-japan-dashboard.indicator_info,estat-japan-dashboard.reference.indicator_info,finance.estat-japan-dashboard.indicator_info,finance,estat-japan-dashboard,indicator_info
estat-japan-dashboard.region_info,estat-japan-dashboard.reference.region_info,finance.estat-japan-dashboard.region_info,finance,estat-japan-dashboard,region_info
estat-japan-dashboard.get_data,estat-japan-dashboard.series.get_data,finance.estat-japan-dashboard.get_data,finance,estat-japan-dashboard,get_data
wmo-weather.city_search,wmo-weather.reference.city_search,weather.wmo-weather.city_search,weather,wmo-weather,city_search
wmo-weather.forecast,wmo-weather.forecast.daily,weather.wmo-weather.forecast,weather,wmo-weather,forecast
wmo-weather.climate_normals,wmo-weather.climate.normals,weather.wmo-weather.climate_normals,weather,wmo-weather,climate_normals
unesco-data.indicator_search,unesco-data.reference.indicator_search,education.unesco-data.indicator_search,education,unesco-data,indicator_search
unesco-data.geounit_list,unesco-data.reference.geounit_list,education.unesco-data.geounit_list,education,unesco-data,geounit_list
unesco-data.get_data,unesco-data.series.get_data,education.unesco-data.get_data,education,unesco-data,get_data
openalex.works_search,openalex.works.search,education.openalex.works_search,education,openalex,works_search
openalex.authors_search,openalex.authors.search,education.openalex.authors_search,education,openalex,authors_search
openalex.get_work,openalex.works.get,education.openalex.get_work,education,openalex,get_work
semanticscholar.papers_search,semanticscholar.papers.search,education.semanticscholar.papers_search,education,semanticscholar,papers_search
semanticscholar.authors_search,semanticscholar.authors.search,education.semanticscholar.authors_search,education,semanticscholar,authors_search
semanticscholar.get_paper,semanticscholar.papers.get,education.semanticscholar.get_paper,education,semanticscholar,get_paper
sepa-scotland.stations_search,sepa-scotland.rainfall.stations,weather.sepa-scotland.stations_search,weather,sepa-scotland,stations_search
sepa-scotland.station_current,sepa-scotland.rainfall.current,weather.sepa-scotland.station_current,weather,sepa-scotland,station_current
sepa-scotland.rainfall_history,sepa-scotland.rainfall.history,weather.sepa-scotland.rainfall_history,weather,sepa-scotland,rainfall_history
denmark-energidataservice.spot_prices,denmark-energidataservice.power.spot_prices,finance.denmark-energidataservice.spot_prices,finance,denmark-energidataservice,spot_prices
denmark-energidataservice.co2_emissions,denmark-energidataservice.power.co2_emissions,finance.denmark-energidataservice.co2_emissions,finance,denmark-energidataservice,co2_emissions
denmark-energidataservice.production_consumption,denmark-energidataservice.power.production_consumption,finance.denmark-energidataservice.production_consumption,finance,denmark-energidataservice,production_consumption
uk-landregistry-pricepaid.search_by_postcode,uk-landregistry-pricepaid.property.by_postcode,location.uk-landregistry-pricepaid.search_by_postcode,location,uk-landregistry-pricepaid,search_by_postcode
uk-landregistry-pricepaid.search_by_area,uk-landregistry-pricepaid.property.by_area,location.uk-landregistry-pricepaid.search_by_area,location,uk-landregistry-pricepaid,search_by_area
uk-landregistry-pricepaid.get_transaction,uk-landregistry-pricepaid.property.transaction,location.uk-landregistry-pricepaid.get_transaction,location,uk-landregistry-pricepaid,get_transaction
hathitrust-digital.lookup_by_id,hathitrust-digital.catalog.lookup,media.hathitrust-digital.lookup_by_id,media,hathitrust-digital,lookup_by_id
hathitrust-digital.get_full_record,hathitrust-digital.catalog.get_full_record,media.hathitrust-digital.get_full_record,media,hathitrust-digital,get_full_record
hathitrust-digital.batch_lookup,hathitrust-digital.catalog.batch_lookup,media.hathitrust-digital.batch_lookup,media,hathitrust-digital,batch_lookup
netherlands-pdok-kadaster.search_percelen,netherlands-pdok-kadaster.cadastre.search_percelen,location.netherlands-pdok-kadaster.search_percelen,location,netherlands-pdok-kadaster,search_percelen
netherlands-pdok-kadaster.get_perceel,netherlands-pdok-kadaster.cadastre.get_perceel,location.netherlands-pdok-kadaster.get_perceel,location,netherlands-pdok-kadaster,get_perceel
netherlands-pdok-kadaster.search_bebouwing,netherlands-pdok-kadaster.cadastre.search_bebouwing,location.netherlands-pdok-kadaster.search_bebouwing,location,netherlands-pdok-kadaster,search_bebouwing
norway-kartverket-stedsnavn.search_names,norway-kartverket-stedsnavn.places.search_names,location.norway-kartverket-stedsnavn.search_names,location,norway-kartverket-stedsnavn,search_names
norway-kartverket-stedsnavn.search_by_point,norway-kartverket-stedsnavn.places.search_by_point,location.norway-kartverket-stedsnavn.search_by_point,location,norway-kartverket-stedsnavn,search_by_point
norway-kartverket-stedsnavn.get_place,norway-kartverket-stedsnavn.places.get_place,location.norway-kartverket-stedsnavn.get_place,location,norway-kartverket-stedsnavn,get_place
uk-ea-flood-monitoring.current_warnings,uk-ea-flood-monitoring.warnings.current,weather.uk-ea-flood-monitoring.current_warnings,weather,uk-ea-flood-monitoring,current_warnings
uk-ea-flood-monitoring.station_search,uk-ea-flood-monitoring.stations.search,weather.uk-ea-flood-monitoring.station_search,weather,uk-ea-flood-monitoring,station_search
uk-ea-flood-monitoring.station_readings,uk-ea-flood-monitoring.stations.readings,weather.uk-ea-flood-monitoring.station_readings,weather,uk-ea-flood-monitoring,station_readings
dogceo.random_image,dogceo.breeds.random_image,world.dogceo.random_image,world,dogceo,random_image
dogceo.breeds_list,dogceo.breeds.list,world.dogceo.breeds_list,world,dogceo,breeds_list
dogceo.sub_breeds,dogceo.breeds.sub_breeds,world.dogceo.sub_breeds,world,dogceo,sub_breeds
nominatim-osm.search,nominatim.geocode.search,location.nominatim-osm.search,location,nominatim-osm,search
nominatim-osm.reverse,nominatim.geocode.reverse,location.nominatim-osm.reverse,location,nominatim-osm,reverse
nominatim-osm.lookup,nominatim.geocode.lookup,location.nominatim-osm.lookup,location,nominatim-osm,lookup
device.list,device.registry.list,device.device.list,device,device,list
device.state,device.registry.state,device.device.state,device,device,state
device.command,device.registry.command,device.device.command,device,device,command
bis-stats.policy_rates,bis-stats.finance.policy_rates,finance.bis-stats.policy_rates,finance,bis-stats,policy_rates
bis-stats.exchange_rates,bis-stats.finance.exchange_rates,finance.bis-stats.exchange_rates,finance,bis-stats,exchange_rates
bis-stats.property_prices,bis-stats.finance.property_prices,finance.bis-stats.property_prices,finance,bis-stats,property_prices
archiveorg.search,archiveorg.archive.search,media.archiveorg.search,media,archiveorg,search
archiveorg.metadata,archiveorg.archive.metadata,media.archiveorg.metadata,media,archiveorg,metadata
archiveorg.wayback_check,archiveorg.wayback.check_availability,media.archiveorg.wayback_check,media,archiveorg,wayback_check
openbrewery.list,openbrewery.breweries.list,location.openbrewery.list,location,openbrewery,list
openbrewery.search,openbrewery.breweries.search,location.openbrewery.search,location,openbrewery,search
openbrewery.random,openbrewery.breweries.random,location.openbrewery.random,location,openbrewery,random
data-usa.query,datausa.data.query,finance.data-usa.query,finance,data-usa,query
data-usa.cubes,datausa.reference.cubes,finance.data-usa.cubes,finance,data-usa,cubes
data-usa.members,datausa.reference.members,finance.data-usa.members,finance,data-usa,members
fbiwanted.search,fbiwanted.persons.search,legal.fbiwanted.search,legal,fbiwanted,search
fbiwanted.by_category,fbiwanted.persons.by_category,legal.fbiwanted.by_category,legal,fbiwanted,by_category
fbiwanted.recent,fbiwanted.persons.recent,legal.fbiwanted.recent,legal,fbiwanted,recent
itistaxonomy.search_scientific_name,science.itistaxonomy.search_scientific,health.itistaxonomy.search_scientific_name,health,itistaxonomy,search_scientific_name
itistaxonomy.search_common_name,science.itistaxonomy.search_common,health.itistaxonomy.search_common_name,health,itistaxonomy,search_common_name
itistaxonomy.get_full_record,science.itistaxonomy.full_record,health.itistaxonomy.get_full_record,health,itistaxonomy,get_full_record
orcid.search_researcher,orcid.researcher.search,education.orcid.search_researcher,education,orcid,search_researcher
orcid.get_person,orcid.researcher.profile,education.orcid.get_person,education,orcid,get_person
orcid.get_works,orcid.researcher.works,education.orcid.get_works,education,orcid,get_works
